日期,淡水,鞍部,臺北,竹子湖,基隆,彭佳嶼,花蓮,蘇澳,宜蘭,東吉島,澎湖,臺南,高雄,嘉義,臺中,阿里山,大武,玉山,新竹,恆春,成功,蘭嶼,日月潭,臺東,梧棲,金門,馬祖
90年,"2,679.0","5,714.2","2,862.1","5,080.1","3,642.4","2,352.3","2,568.5","5,105.3","3,521.9","1,270.0","1,459.7","2,106.5","2,556.5","2,979.7","1,981.2","4,017.3","2,214.1","3,060.5","2,293.1","2,494.6","2,161.6","3,390.9","2,206.4","1,933.1","1,949.1",-,-
90年 1月,173.9,357.6,203.6,224.0,309.0,210.0,98.0,626.2,399.8,30.5,38.8,54.1,53.0,74.9,82.4,146.4,64.3,45.7,161.0,10.0,69.1,231.5,94.4,44.5,53.1,-,-
90年 2月,62.0,295.9,24.7,185.0,220.4,49.4,30.0,285.1,104.2,-,2.3,0.3,1.7,1.4,4.2,12.6,45.7,10.4,20.5,33.5,86.4,263.0,3.7,15.6,3.0,-,-
90年 3月,143.2,206.3,174.1,155.8,227.6,74.8,54.0,145.3,66.6,31.0,36.2,56.7,12.5,33.6,38.5,144.0,20.1,127.3,163.2,10.5,42.4,71.5,91.2,16.8,57.0,-,-
90年 4月,166.4,235.8,177.0,164.8,179.7,281.7,144.0,184.8,142.9,70.0,92.3,47.0,7.1,83.6,201.6,220.7,37.6,186.5,229.4,11.9,140.5,153.0,200.6,52.1,207.5,-,-
90年 5月,251.7,486.5,127.1,335.5,419.8,308.2,299.5,808.7,423.1,415.0,306.3,515.2,727.0,335.2,271.2,670.8,462.7,541.0,169.8,347.0,246.0,524.5,410.7,267.1,174.0,-,-
90年 6月,116.0,81.9,105.9,61.5,185.8,75.3,213.0,287.0,252.4,206.5,265.8,530.9,350.0,391.9,225.9,503.2,524.3,480.3,46.8,610.2,311.0,382.9,347.3,460.5,168.0,-,-
90年 7月,146.2,259.9,263.3,206.0,116.1,4.4,451.0,278.7,168.7,114.5,73.8,270.0,606.5,582.7,346.6,"1,031.0",362.4,702.3,236.3,431.0,286.2,407.5,587.3,240.8,513.5,-,-
90年 8月,103.4,93.8,156.8,98.5,69.4,73.5,52.0,112.4,175.6,89.0,111.1,122.0,141.2,138.1,224.6,222.3,145.1,77.1,53.9,256.5,64.6,218.0,203.6,200.0,59.5,-,-
90年 9月,"1,353.6","2,871.0","1,490.8","2,976.0","1,310.8","1,086.0",994.0,"1,088.0","1,212.4",295.5,512.7,494.8,647.0,"1,322.3",564.6,951.8,462.3,705.5,"1,151.3",717.5,707.6,479.5,232.9,582.4,700.5,-,-
90年 10月,98.8,377.1,86.7,339.5,90.0,45.1,47.0,403.2,259.0,-,1.0,-,-,0.2,5.7,29.5,51.7,52.7,29.3,50.5,31.1,390.0,8.4,5.7,3.0,-,-
90年 11月,22.9,158.4,15.9,131.5,155.5,4.7,16.5,309.9,70.2,4.5,5.8,1.7,3.5,9.0,2.8,64.0,14.5,94.5,6.7,6.5,70.9,182.0,15.1,9.1,2.5,-,-
90年 12月,40.9,290.0,36.2,202.0,358.3,139.2,169.5,576.0,247.0,13.5,13.6,13.8,7.0,6.8,13.1,21.0,23.4,37.2,24.9,9.5,105.8,87.5,11.2,38.5,7.5,-,-
91年,"1,177.8","3,113.7","1,346.4","2,730.9","2,607.3","1,965.1","1,062.3","2,662.3","1,651.3",769.5,940.6,"1,212.1","1,037.5","1,392.1","1,315.6","2,196.5","1,702.1","1,702.7","1,091.0","1,613.9","2,086.1","2,778.5","1,455.8","1,560.6","1,080.0",-,-
91年 1月,46.9,132.0,65.2,90.0,177.1,63.1,73.0,91.8,49.7,8.5,14.3,15.2,29.0,34.0,29.4,92.0,50.6,36.5,30.4,14.5,34.7,239.0,42.9,25.9,4.5,-,-
91年 2月,64.3,143.2,58.3,83.0,145.5,120.5,45.0,160.9,36.6,-,-,-,7.0,-,2.7,7.0,43.7,2.0,48.1,3.5,84.0,155.5,1.8,40.7,2.0,-,-
91年 3月,182.2,241.5,130.7,191.0,204.5,104.6,42.0,83.2,45.0,2.5,6.9,0.8,6.0,3.1,19.9,45.5,30.4,33.2,121.3,39.5,44.5,122.5,35.1,21.3,8.5,-,-
91年 4月,27.5,60.5,29.6,26.1,100.5,14.3,10.3,84.9,14.1,-,1.1,-,-,1.5,4.2,4.5,7.7,4.5,28.6,4.0,76.6,55.5,5.5,21.6,6.0,-,-
91年 5月,86.4,128.1,92.8,107.0,97.9,205.2,49.5,136.7,82.4,65.5,68.5,287.6,231.7,199.5,270.7,382.3,155.3,349.5,91.5,171.4,111.2,136.0,242.4,126.7,205.0,-,-
91年 6月,70.1,260.4,154.2,159.5,319.5,116.6,90.0,81.0,130.1,20.5,17.5,105.0,126.5,91.6,199.0,225.9,209.5,156.6,207.2,147.5,76.9,230.0,324.4,69.8,30.0,-,-
91年 7月,260.6,633.0,314.1,606.8,273.2,745.0,242.0,408.4,454.8,124.5,340.1,505.5,134.8,676.1,355.8,591.9,332.2,637.4,199.1,306.0,133.5,183.5,357.0,169.5,265.0,-,-
91年 8月,34.8,87.5,57.6,118.5,88.6,130.7,172.5,264.1,110.8,302.0,323.5,218.5,293.5,150.3,154.2,477.5,390.8,176.5,108.4,332.5,"1,096.8",385.5,236.5,808.4,314.5,-,-
91年 9月,158.0,457.0,228.4,519.0,210.9,203.4,174.5,256.6,219.8,171.0,83.0,23.5,139.0,172.9,198.0,154.0,331.0,109.7,150.9,447.0,143.5,264.5,70.6,189.4,116.0,-,-
91年 10月,52.0,307.0,61.4,228.0,294.8,80.5,118.0,546.0,244.2,-,-,-,-,-,12.0,52.0,44.1,111.1,32.0,11.0,63.9,431.5,32.5,3.9,28.0,-,-
91年 11月,63.8,282.0,58.2,250.5,358.0,90.4,10.5,282.2,78.9,4.0,8.9,-,-,3.5,5.2,29.0,22.5,27.0,8.9,1.5,77.9,294.0,13.9,26.8,6.5,-,-
91年 12月,131.2,381.5,95.9,351.5,336.8,90.8,35.0,266.5,184.9,71.0,76.8,56.0,70.0,59.6,64.5,134.9,84.3,58.7,64.6,135.5,142.6,281.0,93.2,56.6,94.0,-,-
92年,967.6,"2,514.2","1,192.5","2,400.6","2,155.8",871.3,"1,348.5","2,698.6","1,412.7",619.5,786.1,898.5,"1,326.0",941.1,930.6,"2,298.8","2,186.4","1,723.0",877.7,"1,881.5","1,912.3","3,126.5","1,479.2","1,674.1",513.0,-,-
92年 1月,89.4,186.0,72.9,142.5,137.8,118.4,33.5,74.1,21.5,26.5,22.9,17.5,32.0,20.9,27.6,42.5,57.6,31.8,57.3,38.5,123.4,176.0,39.8,50.4,29.5,-,-
92年 2月,24.0,64.5,20.2,38.5,102.0,21.4,38.5,64.9,9.2,18.5,50.4,7.5,3.0,21.5,18.9,18.5,19.8,11.7,22.9,7.0,56.3,208.0,14.0,7.3,37.5,-,-
92年 3月,84.6,149.7,86.2,107.5,143.9,69.5,32.0,110.8,69.7,22.0,106.4,15.0,18.0,18.6,35.7,54.1,41.6,53.7,106.3,5.5,94.6,102.0,58.8,52.1,19.5,-,-
92年 4月,134.0,223.0,132.8,175.5,203.0,77.5,109.0,245.8,175.5,113.5,97.9,74.0,60.0,105.1,153.4,288.5,60.4,205.2,193.3,19.0,103.2,107.5,191.5,41.0,137.5,-,-
92年 5月,80.3,124.0,88.8,100.5,213.3,95.2,7.0,34.8,34.9,26.0,162.6,50.5,13.5,62.8,100.8,136.0,15.0,83.5,106.7,10.5,33.4,79.5,120.9,30.5,73.0,-,-
92年 6月,109.5,330.5,201.1,262.5,224.6,166.0,79.5,310.1,244.8,168.5,112.8,418.5,536.5,301.1,297.6,828.5,432.7,575.3,295.4,439.0,87.9,360.5,427.1,93.7,150.0,-,-
92年 7月,44.8,26.5,83.0,7.0,-,1.3,25.0,3.7,-,12.0,2.5,16.6,23.0,67.7,118.2,180.0,172.9,61.9,27.1,58.0,130.1,73.5,211.6,116.1,15.0,-,-
92年 8月,59.5,155.5,163.7,158.0,85.3,114.0,144.0,112.4,89.8,220.0,223.2,238.4,345.5,273.7,171.0,330.5,707.6,204.2,14.4,468.0,445.6,494.5,236.3,513.2,51.0,-,-
92年 9月,137.7,261.9,214.2,349.5,140.8,27.7,393.0,237.5,279.5,12.5,5.0,48.5,169.5,49.1,6.6,250.0,300.7,316.8,46.4,333.0,441.1,590.5,105.3,418.5,-,-,-
92年 10月,60.6,236.0,70.3,249.5,168.7,126.5,250.0,331.3,183.3,-,0.6,2.0,69.5,19.1,-,105.5,94.9,75.7,2.4,51.0,141.2,242.0,64.4,125.0,-,-,-
92年 11月,111.0,613.6,57.6,681.1,644.4,46.7,223.0,"1,047.8",287.0,-,1.8,10.0,55.5,1.5,0.8,64.2,275.1,99.2,3.4,452.0,221.4,590.0,9.4,219.5,-,-,-
92年 12月,32.2,143.0,1.7,128.5,92.0,7.1,14.0,125.4,17.5,-,-,-,-,-,-,0.5,8.1,4.0,2.1,-,34.1,102.5,0.1,6.8,-,-,-
93年,"2,301.8","5,976.6","2,829.8","4,878.3","3,886.2","1,927.4","1,983.0","3,207.1","2,556.5","1,457.5","1,215.6","1,107.9","1,439.5","1,411.0","2,260.7","4,192.4","2,166.4","2,938.2","2,261.8","1,549.5","1,814.6","2,187.0","2,404.8","1,445.6","1,325.1",935.0,"1,015.8"
93年 1月,124.9,230.0,121.0,138.0,179.5,113.9,66.0,60.0,34.2,1.0,3.7,3.1,3.0,4.6,19.8,40.5,17.4,18.4,71.8,9.0,51.0,164.0,30.7,14.0,9.4,12.6,25.5
93年 2月,152.5,315.0,164.7,243.8,295.8,97.5,70.0,319.2,175.3,20.5,26.7,14.1,6.7,24.9,78.1,133.2,26.4,71.2,106.9,1.0,27.3,203.5,78.9,12.5,81.0,54.5,61.0
93年 3月,190.9,310.0,182.8,237.0,449.0,195.1,84.5,225.6,155.8,11.5,24.0,6.9,2.5,27.8,85.2,108.7,16.7,90.5,157.4,3.0,62.4,143.0,104.8,28.8,68.0,31.3,154.5
93年 4月,168.9,258.8,103.9,197.5,221.8,121.1,19.5,64.6,86.9,103.0,68.2,61.7,75.0,63.7,131.2,131.4,32.6,106.9,116.2,47.0,26.5,73.0,136.4,4.6,153.0,77.4,64.1
93年 5月,142.4,209.0,261.8,163.5,231.7,62.7,179.5,137.7,158.8,35.5,82.5,86.5,201.5,53.4,164.2,377.4,142.3,285.5,175.6,78.5,181.2,215.5,218.8,148.5,78.5,162.5,77.0
93年 6月,9.4,95.0,171.6,111.5,134.4,34.3,142.5,184.0,157.4,-,1.8,16.9,52.8,26.7,76.7,94.5,202.4,80.1,2.1,129.0,155.3,312.0,50.2,128.9,4.0,76.5,62.0
93年 7月,212.2,350.0,194.3,273.3,190.2,192.9,471.0,208.1,155.4,573.5,372.9,375.7,448.5,728.9,"1,025.1","1,925.0",903.6,"1,077.0",364.8,488.0,569.9,368.0,958.6,537.5,416.5,135.2,49.0
93年 8月,402.6,898.0,555.5,"1,190.0",374.0,488.1,51.0,221.2,381.0,117.5,188.2,165.2,192.0,294.7,466.7,"1,015.5",114.1,785.1,414.2,261.5,70.6,149.5,541.3,102.7,302.7,165.5,103.0
93年 9月,404.2,"1,375.5",704.4,975.8,679.8,196.1,347.5,628.9,458.5,423.5,353.1,275.7,297.0,98.6,155.8,261.0,470.5,220.4,640.1,383.0,275.5,272.5,186.7,195.7,150.0,196.5,343.5
93年 10月,302.0,"1,067.6",182.3,762.4,443.0,196.5,121.0,269.3,213.7,0.5,6.0,0.1,1.5,1.5,8.7,9.0,18.5,17.0,115.9,0.5,76.0,70.0,5.6,2.0,7.6,1.0,3.0
93年 11月,20.5,310.7,20.6,238.5,195.7,30.8,123.5,422.6,208.0,-,0.7,-,1.0,-,-,-,4.0,0.5,8.6,-,17.7,52.0,-,0.5,0.4,7.6,13.5
93年 12月,171.3,557.0,166.9,347.0,491.3,198.4,307.0,465.9,371.5,171.0,87.8,102.0,158.0,86.2,49.2,96.2,217.9,185.6,88.2,149.0,301.2,164.0,92.8,269.9,54.0,14.4,59.7
94年,"2,777.5","5,356.5","3,027.8","4,961.9","4,240.9","2,655.8","2,777.0","4,075.8","3,329.8","1,781.0","1,589.5","3,148.5","2,821.4","2,985.6","2,574.5","5,800.5","3,530.5","4,696.7","2,384.2","2,339.1","1,877.9","2,655.5","3,004.8","1,577.1","1,784.4","1,502.0","1,208.0"
94年 1月,69.0,310.0,71.0,173.8,407.1,86.7,22.0,347.9,130.2,10.0,9.8,2.9,-,7.0,17.6,45.1,11.1,19.2,33.8,8.5,22.8,271.5,27.0,5.0,13.5,0.8,9.5
94年 2月,259.5,418.5,299.8,327.9,605.0,171.3,109.0,371.3,358.7,65.5,58.3,48.1,43.0,140.9,155.2,249.3,30.0,34.5,266.9,7.0,46.6,87.0,173.8,41.4,196.2,73.9,129.0
94年 3月,251.8,422.0,268.5,349.2,350.5,183.6,116.0,242.1,201.1,112.5,149.6,89.0,16.5,146.8,228.3,385.5,34.5,325.5,279.5,24.0,124.4,137.5,309.8,62.7,170.0,213.8,80.5
94年 4月,49.4,91.0,72.4,62.5,55.8,23.9,34.5,21.3,81.6,54.5,30.9,35.1,4.4,57.3,46.7,95.5,13.0,91.5,27.6,5.0,84.6,101.5,134.4,24.3,45.5,68.8,28.5
94年 5月,603.4,865.0,531.0,747.0,596.3,578.0,240.0,460.4,581.4,118.0,131.2,141.7,310.0,266.4,620.1,707.7,114.6,481.7,712.2,155.5,113.7,328.0,448.2,64.5,361.4,155.5,275.5
94年 6月,271.1,288.5,278.9,275.0,208.7,107.0,212.0,118.5,198.8,502.0,313.0,"1,412.7","1,030.0",833.4,566.1,839.7,644.3,593.0,241.6,494.0,309.3,292.5,372.9,360.0,389.3,171.5,151.0
94年 7月,336.5,460.0,293.1,507.5,255.6,394.5,492.5,241.0,269.6,283.5,135.0,716.3,687.0,703.5,378.1,"1,362.5","1,105.8","1,201.8",240.5,704.5,173.4,160.0,509.1,227.0,202.7,17.0,233.5
94年 8月,411.4,732.5,666.2,775.5,391.9,393.0,358.5,488.1,431.1,282.0,348.5,393.3,420.0,415.5,351.1,"1,199.7",453.4,"1,138.5",450.3,280.5,399.0,206.0,772.8,273.5,268.5,373.6,101.5
94年 9月,162.4,578.0,266.5,524.5,475.1,163.0,709.0,438.2,353.3,280.0,332.7,210.8,202.5,310.5,161.3,590.5,872.4,378.7,41.7,492.0,318.7,330.0,152.5,304.5,99.5,326.5,133.5
94年 10月,236.8,596.5,201.0,749.5,475.5,190.3,370.5,668.1,394.9,73.0,71.9,75.0,63.5,89.5,28.8,226.5,96.5,207.4,50.7,27.5,152.3,256.0,56.8,100.4,10.7,91.5,41.0
94年 11月,46.2,256.5,28.7,273.5,139.0,56.5,54.0,349.4,144.1,-,-,16.5,21.0,5.7,5.9,48.0,103.5,96.7,9.3,85.5,81.8,188.0,26.1,81.8,4.5,-,15.0
94年 12月,80.0,338.0,50.7,196.0,280.4,308.0,59.0,329.5,185.0,-,8.6,7.1,23.5,9.1,15.3,50.5,51.4,128.2,30.1,55.1,51.3,297.5,21.4,32.0,22.6,9.1,9.5
95年,"2,590.5","5,367.7","2,288.4","4,439.2","3,723.5","2,283.9","1,901.0","4,548.3","2,730.4","1,244.5","1,506.8","1,867.2","2,045.5","2,317.8","2,171.9","5,330.8","2,473.8","4,519.2","2,127.5","1,690.1","1,936.8","2,917.5","3,228.8","1,772.3","1,372.6","1,544.5","1,468.5"
95年 1月,82.0,318.5,60.8,221.0,392.9,200.0,132.0,725.8,377.1,2.0,8.1,27.5,5.5,8.5,28.9,48.0,30.1,73.2,43.0,20.0,78.7,461.0,50.2,35.7,19.4,19.9,6.3
95年 2月,121.2,375.0,68.9,250.2,306.6,82.5,28.5,534.1,173.5,14.5,86.2,1.2,-,3.5,22.3,8.5,22.0,14.9,87.6,30.7,109.4,301.5,8.4,14.7,47.6,101.7,116.7
95年 3月,214.7,306.0,162.2,210.5,272.0,168.7,116.0,124.2,137.8,40.8,47.1,11.4,11.0,59.1,93.4,232.2,39.1,186.6,167.8,4.1,47.1,146.5,151.3,37.0,59.9,133.4,117.0
95年 4月,300.5,455.0,289.5,325.5,341.9,147.8,84.5,200.3,148.9,76.1,76.8,199.0,92.5,123.6,221.6,319.3,78.3,356.0,414.3,20.8,57.5,191.0,234.5,87.9,171.2,146.6,131.4
95年 5月,322.6,539.0,316.6,399.0,494.0,306.3,310.5,520.8,329.9,100.2,74.3,211.7,107.0,148.6,316.3,703.5,281.9,552.0,345.1,260.3,285.9,229.0,443.5,224.8,258.5,487.4,325.5
95年 6月,410.8,510.2,391.0,373.0,317.7,408.5,235.5,157.7,216.3,260.0,417.1,483.3,568.5,800.0,754.5,"1,876.8",641.4,"1,552.4",461.7,302.5,206.4,308.5,879.6,150.7,392.5,125.5,280.0
95年 7月,157.2,464.0,185.5,417.5,87.8,73.1,214.5,330.1,142.1,533.1,489.5,581.2,901.5,629.9,328.9,"1,247.0",936.5,889.6,162.5,650.7,540.5,343.5,691.7,583.3,238.0,263.5,185.3
95年 8月,164.0,272.0,127.8,229.0,223.9,130.6,314.0,175.4,237.8,45.8,118.0,173.8,159.0,199.0,117.4,296.3,154.8,240.0,52.1,244.6,186.2,219.0,181.5,279.3,7.5,72.6,82.8
95年 9月,516.8,"1,012.5",367.5,"1,115.0",493.4,438.7,272.0,619.2,482.1,73.0,41.1,114.6,161.0,237.0,143.7,346.9,201.0,330.4,165.1,144.0,272.4,298.5,334.0,294.6,25.0,17.2,76.5
95年 10月,12.8,179.5,36.7,157.5,74.5,1.1,99.0,189.7,32.7,-,-,4.0,1.5,6.0,-,44.8,54.5,57.0,0.1,4.6,61.7,112.0,2.4,25.7,-,-,1.7
95年 11月,98.6,190.0,140.7,168.5,237.1,126.7,89.5,151.3,149.3,79.5,106.6,55.5,36.0,80.8,95.7,155.8,16.2,209.1,99.0,4.9,32.4,109.5,199.0,23.7,93.5,101.7,68.9
95年 12月,189.3,746.0,141.2,572.5,481.7,199.9,5.0,819.7,302.9,19.5,42.0,4.0,2.0,21.8,49.2,51.7,18.0,58.0,129.2,2.9,58.6,197.5,52.7,14.9,59.5,75.0,76.4
96年,"2,672.6","5,889.1","3,015.9","5,287.7","4,063.7","2,075.0","2,525.5","5,466.3","3,115.1","1,065.8",979.4,"2,207.3","2,194.0","2,063.9","2,432.9","5,042.8","2,755.4","3,847.0","1,963.9","2,139.8","2,302.5","2,829.0","2,822.4","1,732.3","2,203.7",994.1,"1,088.7"
96年 1月,111.7,281.5,111.4,191.5,429.0,169.7,55.0,417.5,159.6,51.7,37.0,25.6,8.0,63.7,57.0,149.3,38.0,142.6,81.5,12.5,73.5,146.0,125.9,21.2,53.5,44.0,50.5
96年 2月,64.4,133.0,70.5,106.0,110.9,109.1,9.0,80.6,53.0,25.0,29.4,17.5,7.5,17.5,24.5,49.5,37.6,78.0,64.8,38.0,25.3,49.5,30.0,16.0,21.0,22.5,57.7
96年 3月,208.2,362.5,262.5,296.5,355.5,207.1,48.0,204.1,131.4,5.1,13.1,10.5,7.5,16.2,87.9,56.5,46.8,40.5,192.6,2.2,26.7,40.0,61.6,19.1,110.6,52.1,74.9
96年 4月,221.3,351.0,198.0,240.7,204.0,149.6,74.6,149.6,124.5,52.5,71.1,36.0,24.0,86.4,136.4,241.5,18.6,198.1,225.2,2.7,39.7,58.1,195.6,39.4,116.6,159.7,161.1
96年 5月,117.0,155.1,96.6,95.4,108.9,56.9,128.7,215.7,135.1,17.9,59.4,167.4,293.4,181.8,169.1,358.4,156.1,319.6,136.3,104.3,135.1,192.9,182.7,113.2,95.0,97.5,53.2
96年 6月,759.5,837.5,709.9,812.1,661.6,511.3,163.5,416.6,356.6,146.9,96.7,333.2,276.8,306.6,735.2,633.8,213.9,527.0,488.9,215.0,165.1,158.6,720.8,123.2,683.0,373.3,193.3
96年 7月,50.4,29.7,156.9,59.5,15.2,0.4,13.2,24.6,10.3,25.6,5.4,131.7,76.0,83.3,62.0,179.2,13.0,121.8,2.9,108.7,0.5,30.2,286.6,4.0,25.9,1.5,-
96年 8月,261.4,511.7,576.2,494.8,295.8,181.2,928.5,817.8,519.4,526.2,448.1,"1,138.0","1,229.3",828.2,516.0,"1,625.1","1,254.3","1,227.3",187.8,"1,170.2",635.6,823.3,623.8,618.9,704.8,200.2,222.6
96年 9月,326.2,"1,111.1",367.8,955.1,386.3,337.6,347.7,618.1,429.8,46.0,34.0,135.0,125.5,210.4,315.7,539.4,478.0,500.8,200.7,198.7,529.9,327.5,276.0,362.4,164.0,15.3,22.2
96年 10月,314.0,856.0,280.3,780.7,377.6,170.9,295.6,720.4,420.5,155.4,169.0,194.7,92.5,247.7,289.8,"1,157.6",192.3,574.1,257.0,46.4,193.9,279.4,286.9,95.3,194.1,5.4,157.2
96年 11月,209.5,"1,118.0",155.5,"1,159.4",946.2,156.9,425.0,"1,434.9",711.7,13.5,14.7,17.0,53.5,22.1,22.6,47.4,292.7,102.7,104.1,240.8,448.0,614.0,30.5,300.0,17.5,16.3,48.5
96年 12月,29.0,142.0,30.3,96.0,172.7,24.3,36.7,366.4,63.2,-,1.5,0.7,-,-,16.7,5.1,14.1,14.5,22.1,0.3,29.2,109.5,2.0,19.6,17.7,6.3,47.5
97年,"2,575.5","5,355.3","2,969.2","4,814.0","3,673.6","2,153.2","2,312.0","3,990.9","2,846.0","1,096.9","1,512.6","1,950.0","2,591.3","2,510.6","2,477.8","5,886.7","2,081.5","4,063.8","2,166.6","2,004.5","1,718.3","3,017.6","3,851.3","1,642.4","1,613.5","1,025.2","1,059.0"
97年 1月,107.5,352.0,85.8,313.0,474.2,128.0,69.5,457.0,125.0,24.4,22.8,32.7,14.8,31.2,15.2,103.2,34.7,161.7,72.7,4.5,43.8,243.4,72.7,32.8,7.7,29.5,74.4
97年 2月,215.7,532.5,163.7,429.7,466.1,190.2,144.0,378.4,214.8,11.6,17.5,9.5,16.1,18.4,38.4,90.2,39.6,104.2,97.4,7.3,143.0,194.4,57.7,47.1,40.8,35.2,39.3
97年 3月,78.8,158.5,127.9,113.0,150.5,114.5,116.4,214.7,142.3,3.5,26.4,25.5,15.1,12.7,34.1,64.8,32.7,70.8,186.9,57.9,72.6,161.6,42.5,22.3,32.7,20.2,64.0
97年 4月,218.7,249.0,153.0,214.6,215.2,140.8,83.5,180.1,116.8,69.6,73.3,13.7,32.5,25.9,31.2,135.3,53.3,127.4,188.9,8.3,238.5,151.4,191.0,109.8,26.4,68.1,95.5
97年 5月,221.2,308.0,319.1,281.2,340.5,159.4,72.1,100.1,135.2,31.2,63.5,41.5,106.5,67.6,332.0,377.8,74.6,273.8,210.6,31.5,136.4,150.9,409.0,55.0,229.6,63.3,136.8
97年 6月,231.0,216.5,361.2,206.8,145.8,88.6,170.4,348.4,172.8,370.9,228.6,782.2,"1,199.7",288.2,182.8,496.4,508.7,408.5,224.8,653.0,244.1,502.7,439.8,327.2,174.3,231.2,126.9
97年 7月,151.4,406.0,236.4,385.0,181.9,114.2,620.2,256.7,250.6,302.1,767.2,526.9,653.1,"1,063.4",907.6,"1,573.1",419.4,"1,024.3",345.7,532.4,213.1,251.0,968.0,159.1,401.8,251.6,231.7
97年 8月,0.6,7.0,281.3,21.3,27.1,7.8,111.8,24.7,97.8,59.1,94.7,84.5,162.0,290.0,50.7,276.5,236.8,102.7,19.2,423.2,107.1,152.0,115.6,322.2,14.1,67.3,13.9
97年 9月,"1,084.0","1,808.5",957.1,"1,832.0",852.5,987.8,555.2,815.9,941.7,149.0,124.1,356.5,293.0,632.0,829.7,"2,525.8",448.2,"1,558.1",705.1,181.1,271.8,474.2,"1,391.5",308.0,585.2,27.4,129.1
97年 10月,47.4,439.5,88.1,366.7,327.0,118.8,226.9,590.3,315.0,57.0,57.0,33.0,26.5,50.9,20.5,118.5,123.6,56.6,28.9,35.1,113.1,182.7,60.6,131.8,58.0,163.1,118.2
97年 11月,167.6,722.8,155.9,488.6,362.9,46.6,80.2,418.1,263.8,12.0,28.0,42.9,72.0,23.3,24.4,100.1,66.2,144.3,67.1,65.5,111.5,450.5,78.8,99.9,28.3,62.5,27.8
97年 12月,51.6,155.0,39.7,162.1,129.9,56.5,61.8,206.5,70.2,6.5,9.5,1.1,-,7.0,11.2,25.0,43.7,31.4,19.3,4.7,23.3,102.8,24.1,27.2,14.6,5.8,1.4
98年,"1,321.6","3,860.5","1,669.2","3,403.2","3,654.6","1,426.8","2,535.6","4,682.3","2,930.2","1,197.3",969.8,"1,366.6","1,756.3","1,826.5","1,978.7","5,222.0","2,684.8","3,588.9","1,119.5","1,854.3","1,814.1","2,320.0","1,797.8","1,380.9",997.3,884.3,"1,170.6"
98年 1月,52.7,313.4,36.1,228.0,446.1,77.8,50.6,282.7,129.5,-,0.3,-,-,-,-,0.2,26.7,0.6,9.2,29.5,50.3,68.5,0.2,13.2,0.2,3.1,30.0
98年 2月,31.5,189.0,32.8,127.6,239.2,79.4,92.2,508.0,137.0,4.5,1.7,5.5,0.5,13.0,12.5,3.4,49.8,4.5,36.4,9.9,106.4,80.6,3.0,65.8,16.0,17.6,6.4
98年 3月,182.7,257.0,192.0,203.5,297.3,138.9,92.8,150.4,132.5,62.0,65.6,39.1,30.0,84.9,161.2,253.6,44.8,126.5,179.5,13.8,90.2,194.3,154.1,47.3,182.4,117.7,99.0
98年 4月,84.1,147.1,120.7,109.9,150.9,176.0,56.4,150.4,81.3,86.0,78.8,76.0,72.8,97.0,303.0,352.7,105.5,250.7,74.4,38.8,52.8,211.5,190.9,60.2,158.9,180.1,87.3
98年 5月,15.1,27.0,24.7,20.0,74.6,37.8,141.5,91.6,41.3,18.7,4.2,5.8,14.0,9.4,20.5,95.2,10.4,99.0,25.7,2.0,29.8,87.6,70.2,78.4,23.7,31.0,50.8
98年 6月,162.3,226.0,276.8,280.5,403.1,135.2,320.1,230.4,216.1,89.0,159.3,272.0,311.5,256.3,421.5,612.6,223.6,443.4,248.1,87.4,115.7,120.6,283.0,99.8,148.5,190.6,241.3
98年 7月,14.0,34.5,140.9,38.8,65.1,41.8,198.6,139.8,66.0,128.9,109.1,139.5,200.5,201.0,83.5,140.3,432.8,185.2,48.5,298.6,385.3,146.9,146.7,412.1,72.9,77.2,143.5
98年 8月,209.2,601.5,321.3,587.9,211.5,364.3,158.8,160.6,119.0,716.7,455.3,765.9,934.5,947.2,810.8,"3,346.0","1,297.6","2,189.9",321.3,927.2,182.5,290.8,784.5,184.0,336.5,136.8,232.1
98年 9月,173.4,521.0,210.5,478.8,472.3,115.5,325.8,618.4,626.3,15.0,14.6,39.5,134.5,186.1,119.7,146.4,264.7,68.9,19.0,258.6,387.8,407.9,88.7,210.7,1.7,29.9,141.1
98年 10月,202.4,836.0,196.0,774.1,611.4,100.6,"1,032.6","1,632.5",988.8,17.3,12.5,15.8,48.5,7.1,12.4,170.4,204.8,138.4,46.9,181.0,351.2,488.6,30.0,155.2,8.3,1.2,14.4
98年 11月,118.5,497.5,53.7,404.0,479.9,101.9,38.1,336.2,229.7,56.2,56.4,4.0,9.0,6.3,16.0,27.5,17.6,40.8,68.9,3.0,31.3,96.8,22.0,44.0,31.6,68.5,83.1
98年 12月,75.7,210.5,63.7,150.1,203.2,57.6,28.1,381.3,162.7,3.0,12.0,3.5,0.5,18.2,17.6,73.7,6.5,41.0,41.6,4.5,30.8,125.9,24.5,10.2,16.6,30.6,41.6
99年,"2,070.3","4,915.1","2,278.3","4,070.5","3,303.6","2,093.9","1,769.3","4,738.2","2,542.4",770.2,688.2,"1,779.2","2,160.7","1,532.5","2,054.4","3,654.6","2,529.9","2,423.8","1,605.1","2,421.2","2,042.4","2,950.4","1,932.1","1,974.0","1,182.4",972.6,"1,206.2"
99年 1月,116.2,321.0,105.3,224.5,322.7,72.2,71.3,376.9,140.9,5.0,7.8,11.5,1.5,19.5,34.1,52.7,28.1,22.4,85.3,19.3,104.4,131.4,45.7,25.2,24.7,25.6,41.3
99年 2月,187.6,275.5,232.6,232.2,368.6,119.8,81.4,169.4,179.9,13.5,20.8,32.0,10.5,53.8,118.3,199.2,11.3,42.5,225.5,0.2,71.4,116.0,115.2,12.6,93.7,95.9,154.9
99年 3月,62.3,102.5,66.5,54.3,111.9,94.7,36.1,41.3,25.2,0.3,3.3,0.3,1.0,6.9,22.6,33.8,17.5,19.5,84.0,4.1,58.3,118.0,33.2,51.7,33.5,41.4,170.0
99年 4月,156.7,227.5,112.5,176.7,222.1,263.8,59.0,188.4,117.6,18.7,30.8,28.1,48.0,69.0,158.4,224.1,110.3,203.0,168.5,19.5,41.9,107.0,185.1,45.3,111.9,118.0,293.0
99年 5月,186.9,235.0,183.9,166.7,180.2,143.8,94.8,67.0,95.0,84.0,71.3,114.0,188.0,103.8,145.3,522.7,358.4,356.1,224.0,253.7,198.6,301.3,238.0,121.1,172.1,183.1,141.7
99年 6月,455.0,584.5,419.6,455.1,321.6,207.8,61.4,208.4,154.4,40.5,137.1,283.4,257.0,269.8,529.9,457.5,83.1,371.0,349.1,196.8,73.8,137.0,474.0,52.9,312.3,187.4,208.9
99年 7月,30.5,24.6,89.1,19.7,5.0,38.3,73.7,31.4,65.5,195.8,95.6,501.4,437.0,459.3,463.5,858.8,233.0,429.7,77.2,381.7,212.2,207.8,407.4,184.1,187.5,4.4,5.9
99年 8月,196.6,471.0,388.5,464.3,242.6,472.2,60.2,310.8,151.1,49.2,8.3,210.0,164.7,208.7,203.5,366.3,139.8,126.0,130.0,278.3,50.2,406.2,222.3,137.1,108.8,8.4,19.7
99年 9月,76.3,522.0,144.2,452.5,519.7,73.8,477.5,311.9,266.8,270.8,238.9,461.0,853.0,252.3,328.6,592.4,"1,037.2",477.0,93.7,847.6,701.4,364.0,127.2,779.9,97.2,130.5,59.8
99年 10月,412.6,"1,492.5",345.4,"1,319.4",506.3,260.9,629.2,"1,861.2",900.8,56.0,52.9,69.0,175.5,15.8,2.1,194.4,456.1,159.2,80.0,413.4,428.1,839.0,9.5,503.8,0.7,129.6,50.7
99年 11月,89.5,397.5,127.3,280.9,304.3,255.6,104.5,830.5,353.0,25.9,8.3,54.0,13.0,40.9,20.7,87.8,41.8,165.3,26.7,5.4,79.7,154.0,39.0,47.7,16.0,14.2,19.2
99年 12月,100.1,261.5,63.4,224.2,198.6,91.0,20.2,341.0,92.2,10.5,13.1,14.5,11.5,32.7,27.4,64.9,13.3,52.1,61.1,1.2,22.4,68.7,35.5,12.6,24.0,34.1,41.1
100年,"1,713.8","4,879.0","1,758.6","4,111.2","3,727.0","1,553.5","2,199.5","4,443.8","2,781.9",933.0,609.4,"1,218.8","1,796.7","1,021.7","1,204.9","3,655.6","2,687.2","2,548.3","1,222.6","2,597.0","2,720.6","3,605.7","1,725.3","2,510.6",605.0,780.3,792.8
100年 1月,108.6,538.5,71.9,412.7,431.7,104.0,18.1,489.7,136.3,14.0,8.7,6.7,7.7,25.7,35.4,133.8,23.8,25.0,74.6,12.4,46.2,396.7,58.0,14.9,24.2,3.1,16.9
100年 2月,104.1,185.5,68.0,122.2,267.2,57.7,57.8,206.5,50.7,19.5,10.8,7.7,3.5,19.9,27.6,62.1,26.3,40.7,63.1,18.5,25.2,124.3,22.2,16.6,33.3,19.1,55.4
100年 3月,118.2,213.5,119.1,193.6,243.1,99.3,95.7,281.0,183.0,21.1,19.5,4.7,8.0,49.7,33.2,93.8,23.6,75.6,90.0,5.0,35.4,104.7,46.3,11.1,33.2,16.0,16.9
100年 4月,51.6,88.0,27.4,63.5,70.3,24.8,64.2,43.8,12.1,35.5,9.2,26.0,29.5,4.6,5.1,28.7,76.3,38.0,19.7,40.3,69.2,106.1,23.5,61.6,2.3,21.7,39.6
100年 5月,309.5,491.0,222.0,331.3,406.3,238.2,180.4,391.2,324.5,78.6,53.2,55.2,106.0,150.0,95.0,468.3,164.6,405.7,220.4,127.4,244.5,360.1,351.3,236.8,75.1,90.6,230.5
100年 6月,175.2,469.0,284.6,461.5,148.7,294.7,83.8,74.3,149.2,92.2,61.1,304.0,392.0,148.5,151.3,333.6,568.9,296.2,174.4,339.4,307.8,251.1,217.0,469.7,42.2,114.7,58.1
100年 7月,120.5,140.5,264.2,99.5,120.2,47.0,45.5,59.4,32.9,253.1,115.6,401.5,543.0,175.1,300.6,956.1,391.4,363.3,169.8,443.2,131.3,248.1,412.5,198.3,110.9,122.4,33.8
100年 8月,93.0,172.0,166.6,156.6,94.4,68.1,375.0,246.5,211.7,194.1,142.2,172.3,367.5,112.8,256.3,648.0,525.0,485.6,62.7,"1,154.7",359.8,384.8,241.0,377.0,75.0,185.4,71.6
100年 9月,25.1,180.0,51.6,161.6,52.7,11.8,148.0,141.8,44.6,2.2,0.7,5.0,71.5,109.5,99.3,164.6,146.9,45.8,9.7,101.9,180.2,230.6,73.5,110.5,6.9,36.9,4.5
100年 10月,158.5,885.5,92.6,878.0,473.2,154.6,487.0,907.2,579.6,17.9,7.5,27.8,55.0,25.8,13.3,248.1,293.4,312.0,48.0,190.2,580.3,435.4,56.0,404.6,14.7,1.5,61.5
100年 11月,237.6,787.0,231.2,585.7,896.1,325.7,517.5,762.1,622.8,196.6,161.7,203.5,172.5,180.6,150.7,392.5,396.1,369.6,221.1,134.1,679.9,585.3,177.0,559.0,158.1,167.9,185.2
100年 12月,211.9,728.5,159.4,645.0,523.1,127.6,126.5,840.3,434.5,8.2,19.2,4.4,40.5,19.5,37.1,126.0,50.9,90.8,69.1,29.9,60.8,378.5,47.0,50.5,29.1,1.0,18.8
101年,"2,999.3","4,911.5","2,910.3","3,904.6","3,908.8","1,960.3","2,303.0","4,742.8","2,916.1",895.0,921.9,"2,425.7","2,196.7","2,201.3","2,202.5","5,166.3","3,031.1","3,583.8","2,741.2","2,942.2","2,474.0","3,254.0","3,090.9","2,118.2","1,660.8",893.2,"1,914.4"
101年 1月,185.1,455.0,157.4,372.0,533.4,166.6,53.0,351.2,175.1,13.8,10.5,5.5,-,23.0,57.1,114.4,11.4,63.1,140.6,-,60.3,184.8,77.5,22.3,62.6,60.6,179.5
101年 2月,197.8,424.0,268.8,330.5,545.7,243.7,98.5,488.9,199.0,35.6,28.4,40.0,30.5,77.9,77.2,158.6,139.0,146.0,228.9,76.8,82.6,303.9,87.5,82.7,95.6,81.5,153.6
101年 3月,84.1,155.0,85.4,96.0,247.6,81.8,95.5,267.1,106.7,17.4,7.3,6.5,8.5,14.7,40.8,35.2,46.0,29.0,96.6,3.0,130.4,60.1,34.5,37.9,22.2,22.1,115.5
101年 4月,262.5,382.0,289.1,318.5,389.8,181.1,95.0,107.4,107.8,62.9,71.7,141.5,112.5,110.5,234.6,452.6,121.7,365.0,346.6,39.7,73.1,77.2,297.9,62.1,230.4,140.7,196.2
101年 5月,384.7,497.0,231.2,382.5,351.6,314.5,398.5,738.2,656.6,143.7,192.7,404.5,283.5,192.5,267.9,679.1,184.0,438.0,251.3,449.0,261.4,501.0,549.5,140.0,132.4,126.1,165.2
101年 6月,428.9,568.0,625.6,513.5,391.0,183.4,352.5,356.4,287.4,288.5,226.0,803.5,832.5,498.5,331.6,"1,863.2","1,199.6","1,007.6",427.2,802.8,434.2,461.1,902.0,550.3,273.1,118.5,261.0
101年 7月,76.4,103.5,162.8,137.5,61.9,53.0,275.5,327.4,164.7,64.5,69.5,254.5,52.5,375.0,215.6,194.9,419.8,221.4,74.6,346.0,375.8,370.6,136.2,318.5,87.8,31.6,41.3
101年 8月,576.5,930.0,518.9,785.5,364.5,240.7,485.5,481.2,551.3,108.7,175.0,635.0,756.5,699.8,726.2,998.0,613.4,696.0,608.5,"1,083.3",512.5,397.8,635.5,542.1,552.5,38.7,302.3
101年 9月,297.3,354.5,85.0,206.6,72.5,52.4,72.0,227.4,69.6,0.5,0.3,18.6,54.5,81.6,34.2,251.3,116.3,108.7,82.3,74.9,150.2,116.8,119.0,129.8,8.5,59.0,187.7
101年 10月,50.5,204.0,64.0,157.5,139.1,27.6,82.5,459.8,137.5,-,-,2.5,0.7,-,1.4,7.4,34.1,18.9,29.3,5.0,63.7,79.9,8.0,34.1,1.0,7.5,10.0
101年 11月,244.5,338.0,232.7,272.0,308.3,187.9,101.5,180.9,137.3,116.6,92.9,95.6,46.5,85.0,144.8,257.9,59.0,247.6,308.4,36.5,119.8,371.2,148.3,108.5,134.7,125.3,222.0
101年 12月,211.0,500.5,189.4,332.5,503.4,227.6,193.0,756.9,323.1,42.8,47.6,18.0,18.5,42.8,71.1,153.7,86.8,242.5,146.9,25.2,210.0,329.6,95.0,89.9,60.0,81.6,80.1
102年,"2,343.5","5,205.5","2,541.4","4,078.0","3,768.2","2,020.4","1,970.9","4,265.1","2,552.8",970.8,947.0,"1,688.5","1,688.2","2,580.5","2,133.0","4,966.1","2,563.3","3,535.1","2,043.5","2,098.1","1,972.0","3,318.3","2,933.8","1,867.8","1,921.4","1,400.8","1,033.4"
102年 1月,112.0,373.5,93.0,282.5,521.9,243.5,58.0,669.8,195.3,16.5,7.2,7.5,-,15.1,11.2,32.1,62.1,19.5,52.9,37.1,62.9,430.6,20.0,80.3,12.0,-,3.0
102年 2月,60.0,214.0,34.4,145.1,337.7,75.5,70.0,389.2,123.8,10.5,22.7,1.5,-,3.5,1.2,3.5,69.1,3.0,6.5,13.5,101.0,282.7,1.0,94.7,4.3,17.6,49.8
102年 3月,73.0,119.0,49.1,85.0,112.6,73.1,56.0,96.0,35.4,26.2,23.5,5.5,23.0,42.4,62.7,75.4,3.8,77.2,94.5,3.5,13.0,33.2,29.5,5.5,49.6,73.7,113.0
102年 4月,259.5,371.5,253.0,294.4,300.4,187.0,126.0,177.8,168.1,157.6,159.6,111.7,94.5,161.4,258.6,455.4,72.1,484.6,287.1,79.5,101.0,165.0,324.5,46.5,162.0,188.4,120.0
102年 5月,456.0,565.5,338.4,459.4,424.5,363.2,425.7,257.1,230.5,141.5,243.6,286.0,351.0,376.7,356.4,"1,102.4",255.9,838.5,390.9,287.5,406.0,122.9,738.0,321.9,273.6,297.2,182.3
102年 6月,61.5,81.0,203.1,109.4,128.5,217.8,175.5,140.8,81.0,141.0,86.5,233.5,87.0,81.7,72.6,187.1,480.9,137.0,114.9,183.5,275.8,68.8,137.0,417.5,70.9,151.4,168.6
102年 7月,133.5,305.0,240.5,168.8,76.1,102.7,42.5,138.6,200.2,48.2,55.1,148.9,185.5,336.7,467.7,"1,182.0",328.1,631.4,274.4,239.0,97.6,313.3,645.8,172.4,567.5,355.6,44.1
102年 8月,702.0,985.5,808.7,854.5,487.9,234.6,72.1,250.3,318.3,363.0,303.7,806.5,765.7,"1,367.2",763.0,"1,386.7",548.9,722.3,559.8,597.5,103.6,495.5,822.5,171.1,653.1,181.9,145.4
102年 9月,152.5,588.0,143.1,495.3,287.3,106.2,489.6,271.1,335.5,23.6,9.4,60.2,93.5,134.9,44.9,295.4,383.1,329.0,23.3,450.5,451.6,431.6,111.0,292.0,22.1,27.9,23.0
102年 10月,77.0,495.0,102.4,465.0,98.5,86.3,175.5,266.3,183.2,-,-,-,23.0,4.5,2.7,16.1,136.8,4.0,37.4,28.0,100.2,44.9,7.0,6.0,3.5,3.9,3.2
102年 11月,41.5,420.5,46.0,267.5,368.0,170.5,184.5,858.3,299.6,35.7,21.5,6.1,17.0,10.2,22.6,85.0,163.5,136.1,36.9,59.0,177.4,214.5,19.5,208.9,17.9,47.9,72.0
102年 12月,215.0,687.0,229.7,451.1,624.8,160.0,95.5,749.8,381.9,7.0,14.2,21.1,48.0,46.2,69.4,145.0,59.0,152.5,164.9,119.5,81.9,715.3,78.0,51.0,84.9,55.3,109.0
103年,"1,893.3","3,887.7","2,147.3","3,206.7","2,574.0","1,266.0","1,226.6","2,723.4","2,095.0",658.0,819.5,"1,268.1","1,942.0","1,342.1","1,466.1","3,172.4","1,263.8","2,149.4","1,150.3","1,489.0","1,653.6","2,960.3","2,191.2","1,194.2","1,154.2",905.8,908.2
103年 1月,47.5,142.5,21.8,107.5,64.9,12.4,4.5,112.0,39.7,-,0.1,-,-,-,2.0,0.5,21.7,0.8,17.1,1.0,64.5,57.9,-,9.0,-,-,1.2
103年 2月,287.0,452.0,198.0,331.2,478.6,227.1,71.1,304.6,193.1,12.0,13.0,9.5,16.0,35.6,45.2,116.0,41.4,91.5,150.9,12.5,92.0,282.9,68.0,65.9,43.8,84.3,109.1
103年 3月,111.0,220.5,147.0,166.0,239.8,114.3,62.0,116.8,99.3,81.8,66.4,27.6,67.0,55.8,57.5,149.5,69.9,87.2,129.0,61.0,81.3,95.0,80.0,35.0,35.7,52.2,95.0
103年 4月,93.5,168.5,98.1,111.5,140.5,60.3,103.5,109.7,105.1,19.2,23.9,12.0,27.0,24.5,15.6,86.7,25.5,49.5,62.0,12.0,64.8,112.8,48.0,34.6,17.6,53.0,86.2
103年 5月,697.7,855.5,634.7,771.2,482.1,289.7,235.5,374.0,351.2,153.4,195.8,181.5,198.5,243.6,659.6,759.9,40.8,678.4,339.3,40.5,120.3,462.0,718.2,101.6,494.0,300.8,205.1
103年 6月,177.1,353.5,384.4,316.7,344.5,127.8,66.5,153.9,210.5,121.5,151.0,134.3,235.0,386.7,181.0,477.8,273.7,336.5,129.2,323.0,167.7,583.5,478.5,254.5,125.1,148.5,160.0
103年 7月,124.0,273.5,222.1,228.0,152.6,31.7,333.0,179.8,208.2,71.3,268.6,123.4,309.5,203.7,149.1,647.6,206.5,430.0,66.8,123.0,429.2,498.5,375.0,221.9,163.0,106.9,75.9
103年 8月,68.5,72.5,84.0,87.4,81.2,137.2,23.0,31.7,137.0,120.3,62.3,682.1,902.0,253.0,278.3,447.7,85.7,141.3,62.7,426.5,184.4,110.0,239.5,145.5,219.9,115.1,76.4
103年 9月,70.5,359.0,198.9,232.0,141.4,72.2,177.5,349.2,348.6,43.7,17.8,88.0,172.0,105.8,47.0,272.9,406.7,157.5,55.0,427.5,281.8,175.7,127.0,261.5,24.5,1.6,32.5
103年 10月,49.5,226.0,25.5,255.5,27.5,3.6,33.0,151.6,54.2,-,-,1.5,-,-,-,2.2,12.1,15.8,63.3,47.0,42.8,101.9,-,16.2,-,0.4,4.0
103年 11月,71.0,441.0,46.0,362.0,183.0,77.6,66.5,394.7,201.8,11.6,0.2,0.2,1.5,2.9,0.8,38.7,50.7,31.6,15.6,6.0,62.7,302.4,4.0,29.7,2.6,6.7,27.7
103年 12月,96.0,323.2,86.8,237.7,237.9,112.1,50.5,445.4,146.3,23.2,20.4,8.0,13.5,30.5,30.0,172.9,29.1,129.3,59.4,9.0,62.1,177.7,53.0,18.8,28.0,36.3,35.1
104年,"1,571.0","3,500.1","2,519.2","3,327.0","3,151.6","1,148.6","1,784.6","4,069.1","2,579.4","1,468.8","1,752.7","1,481.0","1,344.0","1,790.3","1,526.3","3,413.3","1,915.4","2,317.4","1,417.8","1,480.1","1,506.8","2,693.7","1,878.0","1,222.8","1,148.0","1,109.6","1,026.8"
104年 1月,20.5,136.0,20.0,116.0,132.2,36.5,24.5,334.4,64.1,20.7,24.8,13.5,6.0,6.0,12.3,24.0,18.2,15.3,22.7,34.5,55.7,86.0,15.0,42.1,15.5,32.5,45.2
104年 2月,34.0,112.7,90.0,90.5,187.4,29.3,13.1,207.0,56.9,56.2,19.7,22.0,38.0,30.1,21.2,55.1,14.1,13.0,47.2,29.0,17.4,85.7,10.0,27.4,31.0,55.2,10.0
104年 3月,129.0,305.7,182.0,247.2,410.0,118.8,88.0,540.9,236.0,51.9,40.3,5.1,-,7.3,24.8,41.0,13.5,12.9,132.7,0.1,92.9,176.5,20.0,55.7,19.3,28.1,46.0
104年 4月,89.5,119.8,87.6,96.5,137.7,72.3,57.0,84.1,75.0,35.9,72.7,25.8,7.0,108.1,47.7,123.5,200.1,85.1,100.5,102.8,69.5,354.6,108.5,120.1,36.2,72.9,76.1
104年 5月,260.0,372.1,302.8,301.3,262.3,115.0,173.0,288.3,205.6,267.2,329.5,300.0,300.5,405.5,662.0,"1,002.8",259.8,705.6,363.1,391.8,183.3,131.0,572.5,178.4,391.3,169.0,115.8
104年 6月,38.0,43.8,248.3,42.4,47.1,18.8,115.0,50.6,70.0,33.5,59.3,19.0,10.0,44.8,65.5,48.2,14.5,35.9,89.8,35.5,36.2,31.9,114.5,3.7,50.9,24.2,65.1
104年 7月,102.0,366.5,316.8,463.2,186.2,25.5,11.0,45.0,110.1,133.9,91.1,225.0,200.0,245.6,71.4,450.6,534.7,264.8,55.2,493.2,216.8,198.6,171.0,311.4,64.0,138.1,80.8
104年 8月,376.0,576.9,728.2,729.4,679.2,334.9,544.5,771.3,697.8,656.8,788.9,629.6,548.0,560.5,368.4,984.3,593.9,658.7,220.0,237.2,330.3,506.2,621.0,180.7,340.3,182.6,204.9
104年 9月,363.0,728.6,309.9,607.3,519.3,117.0,259.0,314.6,390.7,168.7,256.4,192.0,140.5,333.1,183.9,575.5,46.0,343.9,200.1,53.2,44.3,83.3,188.5,33.5,115.3,214.2,137.5
104年 10月,67.0,285.0,135.3,252.4,191.4,64.1,96.5,477.1,273.9,4.5,10.5,31.0,25.5,17.5,14.0,40.4,69.9,45.7,86.1,72.8,90.0,306.0,20.0,44.7,26.0,7.9,50.2
104年 11月,13.0,207.3,22.6,191.8,149.8,57.4,300.0,715.3,220.5,-,-,4.5,41.0,0.4,2.2,11.1,142.1,32.0,11.1,27.5,284.0,482.1,3.5,191.0,0.8,-,37.1
104年 12月,79.0,245.7,75.7,189.0,249.0,159.0,103.0,240.5,178.8,39.5,59.5,13.5,27.5,31.4,52.9,56.8,8.6,104.5,89.3,2.5,86.4,251.8,33.5,34.1,57.4,184.9,158.1
105年,"2,211.0","4,756.5","2,431.7","4,348.3","3,841.4","1,820.5","3,109.2","4,724.1","2,678.0","1,922.1","1,795.4","2,720.9","3,103.5","1,885.7","1,522.3","4,061.7","3,336.0","3,264.3","2,027.5","2,723.8","3,475.2","3,684.1","2,293.4","2,852.5","1,452.8","1,873.1","1,354.9"
105年 1月,270.5,477.2,256.0,335.6,441.2,177.5,159.5,284.1,122.1,115.9,122.6,170.9,179.5,139.4,204.9,422.7,171.2,387.9,311.1,98.5,177.3,507.2,326.5,151.5,215.5,196.6,185.3
105年 2月,140.5,315.8,78.9,288.1,422.2,120.7,25.0,341.3,119.1,38.6,10.6,38.0,24.5,12.3,24.2,91.4,6.9,53.6,73.3,2.0,54.6,210.0,42.0,21.7,15.1,41.3,63.8
105年 3月,253.5,365.5,285.7,330.1,317.1,197.4,126.5,192.5,177.3,105.0,134.0,96.5,79.0,129.7,194.6,409.8,66.9,108.0,304.4,18.9,87.3,296.3,275.0,62.0,233.3,248.2,154.1
105年 4月,233.0,280.4,184.4,228.3,192.9,136.2,64.0,76.2,102.4,278.4,252.8,146.0,182.5,193.5,183.4,291.0,119.1,275.6,285.1,64.1,89.9,38.9,239.0,135.7,173.3,274.6,211.8
105年 5月,95.5,190.0,186.7,153.9,176.2,76.7,174.0,189.1,89.7,68.5,95.3,87.3,97.5,33.5,100.3,202.0,48.5,99.5,206.0,75.0,127.0,284.9,160.0,43.1,151.5,223.5,69.9
105年 6月,336.5,397.7,429.8,335.4,255.0,348.2,169.0,398.5,209.1,95.6,94.8,376.5,383.0,262.5,230.9,646.5,215.7,502.5,230.5,368.5,67.9,146.4,443.0,91.6,210.0,55.0,109.2
105年 7月,128.0,211.1,174.6,166.9,125.3,36.0,337.0,141.1,134.7,369.4,215.5,374.0,315.0,208.7,166.7,288.2,365.5,275.0,44.6,383.8,505.0,236.9,205.5,298.2,28.7,137.0,48.5
105年 8月,58.5,100.6,141.4,112.0,112.3,22.8,284.5,141.5,154.2,101.0,168.8,91.5,427.0,189.4,184.6,300.2,345.0,191.8,100.9,548.5,252.7,296.8,179.3,215.8,237.5,73.5,130.8
105年 9月,440.0,"1,027.7",428.5,972.0,531.7,304.1,861.5,777.5,609.8,536.1,559.6,"1,220.3","1,098.0",637.2,126.2,"1,129.7",876.7,847.4,319.4,710.5,695.6,731.4,258.0,608.0,91.4,362.3,242.9
105年 10月,103.0,667.9,137.6,719.3,814.9,223.2,680.2,872.4,492.8,153.9,80.2,69.0,259.5,24.8,23.9,128.9,"1,011.0",250.8,27.0,393.5,"1,112.7",418.9,75.6,991.2,17.9,110.0,40.2
105年 11月,135.5,521.7,111.6,516.8,313.0,102.5,185.0,928.3,244.3,55.1,57.3,48.9,57.0,44.7,74.2,117.7,103.4,180.2,118.7,60.0,256.7,385.3,68.0,202.9,75.1,123.1,71.0
105年 12月,16.5,200.9,16.5,189.9,139.6,75.2,43.0,381.6,222.5,4.6,3.9,2.0,1.0,10.0,8.4,33.6,6.1,92.0,6.5,0.5,48.5,131.1,21.5,30.8,3.5,28.0,27.4
106年,"2,306.0","5,375.1","2,339.7","4,808.4","3,857.6","1,613.1","1,948.2","4,765.3","3,327.9",815.0,953.8,"1,195.2","1,124.5","1,854.8","1,652.2","4,362.4","2,190.6","2,641.5","1,394.0","1,720.0","2,048.9","2,993.7","2,568.0","1,971.5",955.5,649.2,"1,250.6"
106年 1月,30.5,179.5,21.8,138.6,254.7,34.7,19.0,268.3,96.6,-,0.9,-,-,1.3,4.0,10.0,18.0,22.2,23.4,12.5,46.9,161.4,4.0,6.7,1.5,4.6,20.4
106年 2月,121.0,223.0,123.7,184.0,264.5,81.8,51.5,209.3,74.7,1.7,3.4,1.0,-,1.2,20.8,33.4,20.6,44.9,91.7,6.2,104.4,129.3,14.0,24.4,23.3,90.1,53.7
106年 3月,146.0,209.7,182.7,175.0,288.8,173.7,76.0,130.7,97.3,2.4,16.8,12.8,3.5,18.4,38.0,107.4,19.4,35.4,154.6,2.4,75.9,150.0,57.5,42.2,45.4,39.7,155.3
106年 4月,98.5,150.6,121.5,135.5,141.9,63.9,106.2,127.9,151.8,79.4,132.3,64.5,113.5,105.9,98.8,330.5,91.1,358.0,124.0,28.0,104.4,150.0,255.5,82.8,65.5,44.6,143.8
106年 5月,143.5,181.5,135.5,163.1,229.1,198.4,144.5,271.7,227.6,69.0,81.2,79.5,129.0,77.8,111.5,336.0,88.1,339.5,99.5,48.7,103.1,317.9,347.5,184.5,65.8,100.9,103.6
106年 6月,915.5,"1,009.1",649.7,830.5,824.9,534.8,211.0,329.9,312.1,275.0,314.7,251.5,256.0,578.0,894.0,"1,986.6",291.6,800.0,581.5,105.0,118.3,13.9,"1,013.0",170.4,443.4,170.9,388.3
106年 7月,83.0,160.0,206.6,166.0,67.9,37.5,153.5,219.1,133.9,256.1,240.5,506.9,285.0,663.2,313.7,940.3,507.5,429.5,89.7,645.1,205.1,308.6,424.5,188.7,194.2,92.6,196.3
106年 8月,41.5,34.8,166.2,23.0,20.2,11.6,138.0,88.4,45.4,80.1,98.8,196.5,211.0,198.6,69.0,247.6,347.9,115.0,54.2,298.0,233.6,452.5,183.5,314.5,39.6,46.5,80.1
106年 9月,59.0,307.5,175.6,293.2,188.8,19.0,126.0,463.0,660.8,19.7,20.1,39.5,32.5,117.2,21.4,171.6,336.7,81.5,64.8,243.6,153.5,464.7,118.0,162.0,22.5,29.4,53.0
106年 10月,460.0,"1,607.3",368.6,"1,592.4",409.8,191.9,753.0,641.8,661.8,20.5,13.0,39.5,82.5,79.0,53.5,95.2,399.0,256.0,51.8,304.0,758.0,399.1,85.0,762.9,41.5,1.3,21.1
106年 11月,167.5,720.6,120.9,587.5,708.2,198.1,99.0,999.3,430.0,6.2,26.7,1.5,11.0,10.5,19.5,72.9,43.7,133.5,35.0,23.0,70.2,206.8,48.0,17.2,6.0,28.6,27.5
106年 12月,40.0,591.5,66.9,519.6,458.8,67.7,70.5,"1,015.9",435.9,4.9,5.4,2.0,0.5,3.7,8.0,30.9,27.0,26.0,23.8,3.5,75.5,239.5,17.5,15.2,6.8,-,7.5
107年,"1,711.5","4,459.2","1,621.0","4,046.1","3,405.7","1,391.4","1,388.2","5,006.2","2,505.5","1,596.4",958.9,"2,449.9","3,068.2","1,985.9","1,297.0","3,453.4","2,172.4","2,363.9","1,164.0","2,536.0","2,100.1","2,765.4","1,941.5","1,390.4","1,079.5",878.3,824.8
107年 1月,151.5,564.2,255.8,457.9,541.7,210.7,96.0,681.5,388.8,70.6,58.3,40.0,23.5,76.5,103.5,301.4,50.6,301.9,266.7,34.5,102.9,331.5,150.0,53.9,98.5,149.3,103.5
107年 2月,139.5,347.7,163.6,396.5,360.5,87.1,61.0,209.5,92.1,13.0,10.9,11.5,4.5,23.7,25.5,131.3,12.9,19.2,83.5,35.5,33.2,157.8,72.0,14.1,17.0,20.6,16.0
107年 3月,28.0,104.0,37.3,62.1,69.4,68.8,67.5,119.2,40.2,29.2,45.2,19.0,57.0,31.5,35.5,101.4,70.1,16.0,53.5,14.6,128.4,80.3,45.0,38.4,41.0,35.4,69.3
107年 4月,72.5,129.8,59.6,97.5,108.7,89.8,31.0,48.5,25.8,15.3,14.2,0.5,9.5,7.8,30.5,112.4,39.5,96.0,61.7,8.0,103.5,176.2,108.0,74.0,14.5,19.8,46.4
107年 5月,60.5,37.0,42.0,29.1,52.0,6.5,25.7,33.0,33.1,15.8,39.5,83.9,58.7,46.5,73.0,116.1,38.1,152.0,59.0,4.0,68.9,40.2,95.0,22.8,67.0,227.8,70.3
107年 6月,42.0,152.2,119.8,151.0,244.5,69.3,122.5,328.0,245.3,343.0,116.4,555.5,835.0,428.2,234.0,812.3,490.5,429.0,71.2,488.0,216.1,416.0,427.0,206.2,69.5,109.5,84.9
107年 7月,167.5,312.0,190.3,350.4,135.8,204.0,36.5,99.0,91.6,153.5,23.2,406.0,410.0,377.9,347.0,625.9,272.4,342.5,67.2,249.5,136.1,135.5,316.0,111.1,205.5,3.5,120.5
107年 8月,165.0,288.2,186.8,300.9,92.0,211.5,317.0,117.5,145.1,898.5,611.2,"1,301.0","1,600.5",858.5,408.5,894.2,679.9,614.0,264.4,"1,400.5",507.7,490.0,556.5,493.1,533.0,183.0,129.1
107年 9月,391.0,"1,076.5",321.9,885.5,558.4,212.8,199.0,432.5,165.0,30.8,1.5,31.0,66.0,118.5,20.0,258.9,357.0,227.3,134.5,281.0,479.4,200.5,128.5,254.3,4.0,29.9,14.5
107年 10月,140.5,465.7,125.1,453.0,403.5,59.3,133.5,983.5,535.1,2.2,2.5,0.5,1.5,8.8,7.5,60.9,111.0,92.5,40.8,8.4,133.7,170.1,18.0,37.0,4.5,5.5,31.9
107年 11月,88.0,361.8,64.4,230.1,261.2,61.2,249.5,663.0,436.7,24.2,31.7,1.0,2.0,8.0,10.0,35.8,32.3,65.5,31.0,6.0,126.1,236.2,24.5,30.7,16.5,73.5,124.0
107年 12月,265.5,620.1,54.4,632.1,578.0,110.4,49.0,"1,291.0",306.7,0.3,4.3,-,-,-,2.0,2.8,18.1,8.0,30.5,6.0,64.1,331.1,1.0,54.8,8.5,20.5,14.4
108年,"2,717.0","5,051.3","2,369.6","4,819.5","3,517.5","1,470.8","1,655.0","4,391.0","2,684.6","1,135.0",925.5,"2,177.2","2,226.0","1,977.8","2,508.0","4,125.6","1,823.0","2,726.3","2,098.3","2,287.3","1,469.4","2,789.7","2,871.0","1,092.4","1,660.5",905.3,"1,086.2"
108年 1月,79.5,301.1,45.0,238.4,382.1,150.6,71.0,"1,101.0",447.4,6.4,12.0,-,2.5,5.0,13.0,82.2,62.1,31.8,25.5,28.7,72.1,245.7,9.0,35.5,18.0,4.4,5.6
108年 2月,57.0,103.7,64.1,72.4,292.4,72.1,52.5,94.5,56.3,27.1,28.5,1.5,12.5,8.0,11.0,7.1,66.4,3.0,67.9,20.3,83.7,320.4,6.5,12.9,16.0,37.5,86.0
108年 3月,172.5,263.8,184.2,213.8,209.1,127.7,92.5,206.0,132.5,144.4,111.5,74.5,44.0,107.9,179.5,230.9,40.7,135.0,279.7,44.0,58.0,121.1,171.5,36.0,174.0,201.7,156.6
108年 4月,220.0,154.9,115.1,141.9,140.0,104.4,73.5,677.5,180.3,67.2,114.8,88.0,63.2,74.0,115.5,155.4,34.0,171.5,217.0,15.5,55.2,167.5,135.0,28.3,94.0,113.1,120.1
108年 5月,488.0,518.3,335.8,500.0,404.2,211.6,218.0,372.5,360.2,136.0,77.9,168.0,196.3,239.7,524.0,"1,105.5",279.1,807.5,515.0,134.7,118.8,273.6,674.0,165.7,272.0,190.0,64.0
108年 6月,460.0,542.9,419.5,445.3,431.1,345.5,164.5,106.5,180.8,106.4,92.7,273.5,357.5,316.5,480.0,866.3,112.3,537.5,482.7,215.5,95.0,179.1,754.5,132.9,284.5,117.1,337.2
108年 7月,116.5,315.2,439.3,317.0,102.3,37.3,66.5,88.5,67.1,261.7,178.5,573.0,500.0,335.5,177.5,267.2,216.7,155.5,48.5,587.5,89.0,346.8,216.5,136.9,109.5,45.3,192.4
108年 8月,192.0,379.6,212.4,397.3,173.3,124.6,289.0,219.5,218.0,169.2,169.6,758.0,726.2,631.5,768.0,"1,128.8",616.2,602.0,211.4,839.6,437.4,278.3,664.5,216.4,544.5,112.7,27.3
108年 9月,657.0,"1,333.8",377.1,"1,182.7",659.1,80.5,228.0,472.0,514.6,7.8,0.6,180.0,247.0,132.2,133.5,115.3,243.7,133.5,92.0,356.5,158.7,390.7,92.0,202.1,9.0,2.7,50.1
108年 10月,32.5,232.4,27.1,214.8,152.3,9.0,157.0,355.5,228.7,-,-,-,52.5,5.5,11.5,22.0,71.1,45.5,11.5,28.0,117.0,122.2,9.5,25.3,4.0,5.0,6.1
108年 11月,46.5,436.6,13.8,563.3,219.0,42.3,109.5,306.5,136.1,-,-,-,2.0,-,-,0.4,11.3,0.5,6.9,2.5,40.1,65.7,-,8.4,-,-,0.2
108年 12月,195.5,469.0,136.2,532.6,352.6,165.2,133.0,391.0,162.6,208.8,139.4,60.7,22.3,122.0,94.5,144.5,69.4,103.0,140.2,14.5,144.4,278.6,138.0,92.0,135.0,75.8,40.6
109年,"1,410.5","5,053.3","1,702.8","4,712.6","3,895.0","1,369.1","1,272.9","5,431.5","2,809.1",880.6,720.4,"1,530.3","2,162.5",982.8,"1,120.0","2,328.7","1,550.2","1,768.1","1,025.4","1,438.5","1,596.3","2,272.1","1,707.0","1,137.3",488.5,476.5,852.1
109年 1月,71.0,149.1,38.6,72.0,189.0,101.6,50.7,90.0,31.9,5.2,8.4,27.5,26.5,14.0,20.0,38.2,74.4,7.7,36.0,57.2,66.1,198.4,11.5,34.6,24.0,37.7,31.2
109年 2月,50.5,160.0,29.6,119.6,161.7,81.1,18.6,243.5,40.0,2.4,7.1,1.5,0.5,10.0,4.5,40.5,109.1,11.5,55.0,53.0,69.8,103.2,70.5,32.2,9.5,47.6,90.6
109年 3月,139.5,266.0,245.5,204.9,202.7,131.5,119.1,161.5,68.7,33.8,29.1,29.5,29.0,58.0,55.0,136.5,88.4,89.0,105.0,12.0,128.3,268.2,90.0,41.2,67.0,39.0,193.7
109年 4月,70.0,134.8,87.9,99.7,223.8,46.5,57.0,327.0,124.2,39.8,45.1,23.0,34.5,37.0,59.5,101.3,46.5,85.4,72.5,6.0,58.6,99.2,72.0,48.2,36.5,41.6,41.2
109年 5月,316.0,428.4,405.8,391.0,475.7,327.0,171.5,212.0,342.3,243.3,273.1,470.5,748.0,287.3,306.5,726.9,336.5,609.5,353.2,220.8,194.4,211.4,508.0,291.8,172.5,61.1,126.3
109年 6月,49.0,111.5,117.9,118.4,91.7,56.0,53.5,224.5,116.0,28.1,51.6,58.5,163.0,124.3,183.5,208.3,74.8,115.0,46.0,80.0,188.4,27.7,330.0,78.8,42.5,107.0,76.1
109年 7月,129.5,140.5,133.5,112.0,134.0,56.4,105.0,77.5,56.0,106.5,8.5,141.0,146.5,128.0,93.5,377.0,73.0,198.0,0.7,246.5,104.0,172.5,239.0,86.0,26.5,19.5,33.0
109年 8月,296.5,537.5,322.5,554.0,212.0,126.5,101.5,152.5,194.5,207.5,225.5,663.5,915.0,262.2,278.5,376.0,379.0,179.5,219.5,463.5,132.8,221.5,249.0,190.5,75.5,44.5,32.5
109年 9月,106.5,450.0,129.5,438.0,485.4,150.5,107.0,66.0,168.5,0.5,32.0,56.3,27.5,31.0,74.0,155.5,41.5,155.5,80.5,69.5,7.8,191.5,81.0,103.0,2.5,48.0,198.0
109年 10月,46.5,995.0,25.5,881.0,505.0,44.0,259.0,982.0,621.0,0.5,-,1.0,9.5,1.5,-,51.5,102.0,89.0,5.0,48.0,178.0,190.0,-,94.0,2.0,0.5,0.5
109年 11月,33.0,592.0,21.5,533.5,277.5,32.0,146.0,"1,102.0",483.5,203.5,24.5,52.0,55.0,6.0,3.5,36.0,205.5,114.5,7.5,180.0,326.6,235.5,5.0,125.0,1.0,5.0,1.0
109年 12月,102.5,"1,088.5",145.0,"1,188.5",936.5,216.0,84.0,"1,793.0",562.5,9.5,15.5,6.0,7.5,23.5,41.5,81.0,19.5,113.5,44.5,2.0,141.5,353.0,51.0,12.0,29.0,25.0,28.0
110年,"1,598.5","3,822.5","1,908.5","3,519.5","3,051.5","1,557.5","1,549.0","3,233.0","2,018.0",747.5,788.0,"2,241.5","2,600.4","2,081.5","1,969.0","3,605.0","2,215.5","2,239.5","1,183.8","2,399.5","1,878.5","2,632.0","2,141.0","1,352.5","1,339.0",472.0,"1,090.0"
110年 1月,86.5,292.0,41.0,347.0,342.0,117.5,54.5,372.0,46.0,-,0.5,2.5,1.0,5.0,5.0,24.5,14.5,18.5,4.5,2.5,66.0,86.5,10.5,7.5,1.5,-,0.5
110年 2月,66.5,245.5,46.5,230.5,127.5,179.5,35.0,315.0,69.5,21.5,28.0,13.5,27.9,0.5,23.5,40.5,44.0,43.0,51.5,20.0,121.0,92.5,24.5,54.0,44.5,40.0,83.5
110年 3月,78.5,153.5,77.5,141.5,242.0,61.0,23.5,124.5,37.0,2.5,4.0,5.0,-,8.0,29.0,52.0,25.5,27.5,100.0,2.0,38.5,79.5,19.5,1.0,25.5,20.0,67.0
110年 4月,16.5,74.0,60.0,45.0,185.5,62.5,99.5,108.5,72.0,2.5,12.0,20.0,36.0,16.5,8.0,95.0,77.0,37.5,62.5,0.5,101.0,125.5,67.0,29.5,20.0,50.0,43.0
110年 5月,205.0,223.0,119.5,169.0,224.0,202.0,127.0,140.0,164.0,27.0,119.5,79.5,31.0,121.5,235.0,229.0,13.5,37.5,123.8,4.0,256.0,1.0,264.5,59.5,162.0,50.5,193.0
110年 6月,168.0,225.0,316.5,214.0,305.0,145.5,113.0,276.5,198.0,120.0,96.5,793.0,911.0,731.5,645.5,795.0,240.0,281.5,200.5,589.5,94.0,246.5,491.0,110.5,343.5,81.5,49.5
110年 7月,256.0,564.0,288.0,683.0,179.0,81.5,18.5,160.5,197.5,159.5,104.0,458.0,476.5,246.0,132.0,414.0,135.5,283.5,142.0,402.0,47.0,257.5,301.0,62.5,102.0,10.0,23.0
110年 8月,156.0,234.5,409.0,181.0,203.0,141.5,72.0,113.0,116.0,378.5,402.5,713.0,869.0,861.0,813.0,"1,498.5",703.5,871.0,300.0,835.0,130.5,292.5,644.0,183.0,565.5,152.0,409.0
110年 9月,150.5,281.5,181.5,268.5,114.0,171.0,230.0,225.5,222.0,6.5,2.5,115.0,142.0,44.0,42.5,227.5,190.0,218.0,15.0,140.5,189.0,338.5,215.5,59.5,50.0,23.0,48.5
110年 10月,252.5,770.0,245.0,598.0,492.5,153.5,628.0,659.5,509.0,4.5,1.5,24.0,90.5,16.5,11.0,78.5,668.5,202.0,84.5,378.0,632.5,584.0,37.5,630.5,7.0,0.5,48.5
110年 11月,61.0,292.0,70.0,182.0,309.0,79.0,108.0,340.0,271.5,11.0,3.5,6.5,14.5,8.5,5.5,62.5,66.0,95.0,45.0,20.0,131.0,310.0,40.0,77.5,0.5,12.0,58.5
110年 12月,101.5,467.5,54.0,460.0,328.0,163.0,40.0,398.0,115.5,14.0,13.5,11.5,1.0,22.5,19.0,88.0,37.5,124.5,54.5,5.5,72.0,218.0,26.0,77.5,17.0,32.5,66.0
111年,"2,565.5","7,233.5","2,656.5","6,755.5","5,568.5","2,172.0","1,922.5","6,561.0","3,617.0",818.0,921.5,"1,001.0",971.0,"1,492.5","1,558.0","2,833.5","1,584.5","2,653.1","2,062.0","1,325.5","1,941.5","3,237.5","1,929.5","1,453.0",...,997.5,"1,247.5"
111年 1月,97.0,329.0,122.0,221.0,461.0,116.5,178.5,905.0,352.5,26.5,24.5,40.5,58.5,33.5,30.0,118.5,131.5,81.1,72.0,173.0,190.0,490.0,46.0,129.5,27.5,47.5,37.5
111年 2月,292.0,712.5,252.0,636.0,829.5,175.0,49.0,917.5,404.5,84.5,85.0,51.0,33.5,110.5,122.5,202.0,36.0,210.5,213.0,17.0,84.0,266.0,132.0,41.5,79.5,179.5,112.5
111年 3月,178.5,249.0,197.5,179.5,300.5,126.0,37.5,164.5,145.0,60.0,79.5,27.0,23.5,75.0,149.0,107.0,56.0,152.5,247.5,12.5,145.5,153.0,126.0,42.0,98.0,102.0,96.0
111年 4月,75.0,201.0,108.5,185.0,117.5,77.5,104.5,103.5,54.0,57.5,4.0,6.0,2.5,111.5,40.5,105.0,134.0,75.5,108.0,12.5,207.0,59.5,102.5,242.0,18.5,18.0,85.0
111年 5月,472.5,694.5,486.0,561.0,728.5,434.5,237.0,534.0,342.5,270.0,311.0,223.0,227.0,289.0,465.5,817.0,261.5,944.5,522.5,308.0,127.5,532.5,483.0,121.0,502.0,214.5,251.0
111年 6月,196.0,271.5,234.5,209.0,181.0,302.0,136.0,198.5,151.5,123.0,225.0,154.0,155.0,260.5,250.0,300.5,149.0,186.0,346.0,141.0,81.0,132.0,468.0,117.0,309.0,184.5,360.0
111年 7月,56.0,73.0,122.0,79.5,31.0,46.0,76.5,25.5,11.0,82.5,36.5,165.0,102.5,58.0,90.0,205.0,49.5,95.0,31.5,200.5,29.0,54.5,172.5,78.5,0.5,120.0,141.5
111年 8月,103.5,70.0,218.5,101.0,54.0,109.5,20.0,30.0,34.0,87.0,132.0,297.5,229.0,402.5,278.0,411.5,226.5,119.5,61.5,261.0,97.5,207.5,187.5,148.0,...,34.0,10.5
111年 9月,323.5,"1,066.5",256.0,977.5,412.5,210.0,117.5,319.5,262.5,7.0,3.0,25.5,108.5,107.0,85.0,312.5,111.5,491.5,220.5,42.0,156.5,134.5,156.5,76.5,...,31.0,2.5
111年 10月,489.5,"2,180.0",449.5,"2,426.0","1,004.5",251.0,878.0,"1,201.5",780.0,6.0,7.5,3.5,15.5,5.5,11.5,157.5,363.5,151.0,101.0,140.0,704.5,611.0,25.5,376.0,...,-,4.0
111年 11月,141.0,621.5,119.5,430.0,571.5,176.5,65.5,"1,174.5",667.5,6.0,6.5,1.0,-,-,19.5,36.5,36.5,64.5,112.5,13.5,69.0,502.5,15.0,75.5,...,47.5,99.5
111年 12月,141.0,765.0,90.5,750.0,877.0,147.5,22.5,987.0,412.0,8.0,7.0,7.0,15.5,39.5,16.5,60.5,29.0,81.5,26.0,4.5,50.0,94.5,15.0,5.5,...,19.0,47.5
112年(1月至5月),432.0,928.0,381.0,748.0,"1,111.0",588.0,414.5,...,529.5,61.0,174.5,30.0,64.5,264.5,399.0,600.0,322.0,454.5,623.0,111.0,532.5,855.5,436.0,193.5,...,302.0,368.0
112年 1月,40.0,240.5,28.0,141.5,300.5,153.5,199.5,443.0,230.0,4.0,2.5,0.5,-,7.5,5.0,31.0,51.0,62.0,9.5,6.0,160.5,155.0,14.0,69.5,...,15.0,38.5
112年 2月,63.5,236.0,37.5,201.0,352.5,176.0,29.0,323.5,116.5,-,9.5,-,-,-,7.5,20.0,21.0,4.0,21.5,6.0,27.0,105.0,11.0,7.0,...,43.0,63.0
112年 3月,28.0,80.0,23.5,53.0,129.5,77.0,21.5,112.5,46.5,4.5,10.0,-,-,15.0,19.5,40.5,12.5,9.0,23.5,0.5,83.0,247.5,24.0,10.5,...,66.0,92.0
112年 4月,82.5,135.0,109.5,124.5,146.0,122.5,37.5,...,51.0,11.5,70.5,1.0,2.5,79.5,188.5,135.0,32.5,74.0,141.0,5.5,69.5,140.5,124.5,13.0,...,99.0,126.5
112年 5月,218.0,236.5,182.5,228.0,182.5,59.0,127.0,...,85.5,41.0,82.0,28.5,62.0,162.5,178.5,373.5,205.0,305.5,427.5,93.0,192.5,207.5,262.5,93.5,...,79.0,48.0
