StationUID,StationID,StationName,Geometry,UpdateDate,CheckDate
CHA113168,113168,二林站,POINT (120.36983 23.90008),2023-07-13T00:00:00,2023-07-14T00:19:14.89
CHA115675,115675,市公所,POINT (120.5424987 24.0813976),2023-07-13T00:00:00,2023-07-14T00:19:14.89
CHA116244,116244,中小企銀,POINT (120.54128 24.08064),2023-07-13T00:00:00,2023-07-14T00:19:14.89
CHA117611,117611,民生路口,POINT (120.54192 24.08237),2023-07-13T00:00:00,2023-07-14T00:19:14.907
CHA104983,104983,彰化縣原住民生活館,POINT (120.56004 24.0865),2023-07-13T00:00:00,2023-07-14T00:19:14.89
CHA112329,112329,草屯,POINT (120.68385 23.97627),2023-07-13T00:00:00,2023-07-14T00:19:14.89
CHA116573,116573,橋南,POINT (120.478803 24.084552),2023-07-13T00:00:00,2023-07-14T00:19:14.89
CHA115937,115937,西門,POINT (120.475805240922 23.9594715357827),2023-07-13T00:00:00,2023-07-14T00:19:14.907
CHA117621,117621,二林工商,POINT (120.37744 23.89943),2023-07-13T00:00:00,2023-07-14T00:19:14.967
CHA119784,119784,工藝中心,POINT (120.69182 23.97979),2023-07-13T00:00:00,2023-07-14T00:19:14.967
CHA119875,119875,南開科技大學,POINT (120.697367 23.978959),2023-07-13T00:00:00,2023-07-14T00:19:14.967
CHA123390,123390,中庄子(彰南路),POINT (120.56678 24.08797),2023-07-13T00:00:00,2023-07-14T00:19:14.967
CHA123393,123393,大竹,POINT (120.58053251605 24.0850346205956),2023-07-13T00:00:00,2023-07-14T00:19:14.967
CHA123391,123391,山子腳,POINT (120.573210678256 24.0858950333836),2023-07-13T00:00:00,2023-07-14T00:19:14.967
CHA117683,117683,二林工商,POINT (120.3761861 23.8996375),2023-07-13T00:00:00,2023-07-14T00:19:14.967
CHA119877,119877,工藝中心,POINT (120.6915 23.97988),2023-07-13T00:00:00,2023-07-14T00:19:14.983
CHA123405,123405,溪尾寮路,POINT (120.62124 24.05022),2023-07-13T00:00:00,2023-07-14T00:19:15.03
CHA123394,123394,鮮乳廠,POINT (120.585498374022 24.0829555818905),2023-07-13T00:00:00,2023-07-14T00:19:15.047
CHA123406,123406,新厝子,POINT (120.622 24.04563),2023-07-13T00:00:00,2023-07-14T00:19:15.047
CHA123407,123407,觀光果園,POINT (120.62272 24.03895),2023-07-13T00:00:00,2023-07-14T00:19:15.047
CHA123397,123397,田中路,POINT (120.6033459 24.0808559),2023-07-13T00:00:00,2023-07-14T00:19:15.03
CHA123395,123395,香山里,POINT (120.589498 24.082732),2023-07-13T00:00:00,2023-07-14T00:19:15.03
CHA123403,123403,石牌坑,POINT (120.618129238567 24.0596676491839),2023-07-13T00:00:00,2023-07-14T00:19:15.047
CHA123404,123404,福田里,POINT (120.61958 24.05486),2023-07-13T00:00:00,2023-07-14T00:19:15.063
CHA123415,123415,下山腳,POINT (120.63058 24.00053),2023-07-13T00:00:00,2023-07-14T00:19:15.107
CHA123409,123409,竹林,POINT (120.62518 24.0214),2023-07-13T00:00:00,2023-07-14T00:19:15.107
CHA123417,123417,縣庄,POINT (120.635037 23.992347),2023-07-13T00:00:00,2023-07-14T00:19:15.107
CHA123412,123412,電信局,POINT (120.62837 24.00995),2023-07-13T00:00:00,2023-07-14T00:19:15.107
CHA123411,123411,社口,POINT (120.6285 24.01421),2023-07-13T00:00:00,2023-07-14T00:19:15.107
CHA123416,123416,猴坑口,POINT (120.6314 23.9975),2023-07-13T00:00:00,2023-07-14T00:19:15.123
CHA123413,123413,芬園,POINT (120.62835 24.0071),2023-07-13T00:00:00,2023-07-14T00:19:15.107
CHA123414,123414,寶藏寺,POINT (120.62982 24.00307),2023-07-13T00:00:00,2023-07-14T00:19:15.123
CHA123439,123439,碧山,POINT (120.6447 23.97091),2023-07-13T00:00:00,2023-07-14T00:19:15.17
CHA123418,123418,謝厝,POINT (120.635299575359 23.9912373742987),2023-07-13T00:00:00,2023-07-14T00:19:15.187
CHA123444,123444,縣庄,POINT (120.635082 23.992449),2023-07-13T00:00:00,2023-07-14T00:19:15.187
CHA123440,123440,靈安宮,POINT (120.64495 23.9731),2023-07-13T00:00:00,2023-07-14T00:19:15.203
CHA123419,123419,派出所前,POINT (120.637616921988 23.9879219694772),2023-07-13T00:00:00,2023-07-14T00:19:15.187
CHA123420,123420,寶山國小,POINT (120.6406179 23.9860011),2023-07-13T00:00:00,2023-07-14T00:19:15.17
CHA123421,123421,靈安宮,POINT (120.64485 23.97315),2023-07-13T00:00:00,2023-07-14T00:19:15.187
CHA123422,123422,碧山,POINT (120.644563160436 23.9708736414312),2023-07-13T00:00:00,2023-07-14T00:19:15.217
CHA123451,123451,芬園農會,POINT (120.6275692 24.0182379),2023-07-13T00:00:00,2023-07-14T00:19:15.25
CHA123445,123445,猴坑口,POINT (120.63143 23.99772),2023-07-13T00:00:00,2023-07-14T00:19:15.25
CHA123453,123453,舊社,POINT (120.62449 24.02632),2023-07-13T00:00:00,2023-07-14T00:19:15.267
CHA123452,123452,竹林,POINT (120.62542 24.0215),2023-07-13T00:00:00,2023-07-14T00:19:15.267
CHA123446,123446,下山腳,POINT (120.63077 24.00018),2023-07-13T00:00:00,2023-07-14T00:19:15.267
CHA123449,123449,電信局,POINT (120.62851 24.01013),2023-07-13T00:00:00,2023-07-14T00:19:15.25
CHA123460,123460,快官,POINT (120.61457 24.06709),2023-07-13T00:00:00,2023-07-14T00:19:15.313
CHA123447,123447,寶藏寺,POINT (120.62993 24.00303),2023-07-13T00:00:00,2023-07-14T00:19:15.233
CHA123462,123462,下快官,POINT (120.61014 24.07327),2023-07-13T00:00:00,2023-07-14T00:19:15.327
CHA123450,123450,社口,POINT (120.6285674 24.0141533),2023-07-13T00:00:00,2023-07-14T00:19:15.297
CHA123455,123455,新厝子,POINT (120.62219 24.04545),2023-07-13T00:00:00,2023-07-14T00:19:15.327
CHA123454,123454,觀光果園,POINT (120.6229089 24.0391212),2023-07-13T00:00:00,2023-07-14T00:19:15.313
CHA123461,123461,快官國小,POINT (120.6131272 24.0693135),2023-07-13T00:00:00,2023-07-14T00:19:15.327
CHA123472,123472,市子尾,POINT (120.5510646 24.0843369),2023-07-13T00:00:00,2023-07-14T00:19:15.373
CHA123457,123457,福田里,POINT (120.61982 24.05493),2023-07-13T00:00:00,2023-07-14T00:19:15.327
CHA124291,124291,北勢頭,POINT (120.6240299 24.0287281),2023-07-13T00:00:00,2023-07-14T00:19:15.39
CHA123463,123463,小墾丁,POINT (120.60774 24.07646),2023-07-13T00:00:00,2023-07-14T00:19:15.373
CHA123473,123473,車路口,POINT (120.54478 24.08314),2023-07-13T00:00:00,2023-07-14T00:19:15.407
CHA123456,123456,溪尾寮路,POINT (120.6213201 24.0504723),2023-07-13T00:00:00,2023-07-14T00:19:15.313
CHA123464,123464,田中路,POINT (120.6031656 24.0811878),2023-07-13T00:00:00,2023-07-14T00:19:15.407
CHA123459,123459,上快官,POINT (120.61785 24.06258),2023-07-13T00:00:00,2023-07-14T00:19:15.36
CHA127353,127353,北投埔,POINT (120.664425145803 23.9754380579013),2023-07-13T00:00:00,2023-07-14T00:19:15.467
CHA123469,123469,安溪路,POINT (120.57721 24.08559),2023-07-13T00:00:00,2023-07-14T00:19:15.39
CHA127355,127355,月眉厝,POINT (120.65002 23.97102),2023-07-13T00:00:00,2023-07-14T00:19:15.467
CHA123465,123465,牛埔里,POINT (120.600378 24.081362),2023-07-13T00:00:00,2023-07-14T00:19:15.373
CHA127354,127354,南北投埔,POINT (120.656857000396 23.9735952330122),2023-07-13T00:00:00,2023-07-14T00:19:15.483
CHA126835,126835,炎峰國小,POINT (120.68471 23.97442),2023-07-13T00:00:00,2023-07-14T00:19:15.467
CHA127349,127349,農會前,POINT (120.681794 23.978091),2023-07-13T00:00:00,2023-07-14T00:19:15.483
CHA129407,129407,育英街口,POINT (120.68939 23.97687),2023-07-13T00:00:00,2023-07-14T00:19:15.53
CHA123471,123471,中庄子(彰南路),POINT (120.56674 24.08817),2023-07-13T00:00:00,2023-07-14T00:19:15.453
CHA127351,127351,加油站,POINT (120.67192 23.97727),2023-07-13T00:00:00,2023-07-14T00:19:15.467
CHA131598,131598,縣安路口,POINT (120.633921 23.994154),2023-07-13T00:00:00,2023-07-14T00:19:15.547
CHA127350,127350,碧山南路,POINT (120.676372294953 23.9782722813663),2023-07-13T00:00:00,2023-07-14T00:19:15.467
CHA127352,127352,復興里,POINT (120.667782783949 23.9762479690342),2023-07-13T00:00:00,2023-07-14T00:19:15.517
CHA129408,129408,育英街口,POINT (120.6890078 23.97689077),2023-07-13T00:00:00,2023-07-14T00:19:15.577
CHA134071,134071,民生路口,POINT (120.54188 24.08231),2023-07-13T00:00:00,2023-07-14T00:19:15.623
CHA134074,134074,地藏王廟,POINT (120.43707 24.04817),2023-07-13T00:00:00,2023-07-14T00:19:15.64
CHA127368,127368,加油站,POINT (120.6716 23.97708),2023-07-13T00:00:00,2023-07-14T00:19:15.53
CHA127366,127366,北投埔,POINT (120.66445 23.97535),2023-07-13T00:00:00,2023-07-14T00:19:15.577
CHA127367,127367,復興里,POINT (120.66781 23.97615),2023-07-13T00:00:00,2023-07-14T00:19:15.547
CHA127365,127365,南北投埔,POINT (120.6569 23.97343),2023-07-13T00:00:00,2023-07-14T00:19:15.53
CHA131947,131947,碧峰,POINT (120.660805 23.974411),2023-07-13T00:00:00,2023-07-14T00:19:15.687
CHA134067,134067,市場前,POINT (120.4353 24.05361),2023-07-13T00:00:00,2023-07-14T00:19:15.607
CHA134066,134066,彰化站,POINT (120.539521 24.081634),2023-07-13T00:00:00,2023-07-14T00:19:15.657
CHA127370,127370,農會前,POINT (120.68177 23.978),2023-07-13T00:00:00,2023-07-14T00:19:15.593
CHA134084,134084,員林站,POINT (120.570677 23.961437),2023-07-13T00:00:00,2023-07-14T00:19:15.717
CHA134072,134072,地藏王廟,POINT (120.43698 24.048132),2023-07-13T00:00:00,2023-07-14T00:19:15.67
CHA134087,134087,彰化縣原住民生活館,POINT (120.560084 24.086534),2023-07-13T00:00:00,2023-07-14T00:19:15.733
CHA131946,131946,碧峰,POINT (120.66096 23.974528),2023-07-13T00:00:00,2023-07-14T00:19:15.607
CHA134069,134069,市場前,POINT (120.435413 24.053705),2023-07-13T00:00:00,2023-07-14T00:19:15.687
CHA134080,134080,莒光站,POINT (120.56658 23.96151),2023-07-13T00:00:00,2023-07-14T00:19:15.703
CHA134078,134078,莒光站,POINT (120.566727 23.961417),2023-07-13T00:00:00,2023-07-14T00:19:15.767
CHA134076,134076,彰化(三民路),POINT (120.53944 24.08201),2023-07-13T00:00:00,2023-07-14T00:19:15.78
CHA134099,134099,安溪路,POINT (120.5774 24.08545),2023-07-13T00:00:00,2023-07-14T00:19:15.843
CHA134075,134075,車路口,POINT (120.54492 24.08307),2023-07-13T00:00:00,2023-07-14T00:19:15.717
CHA134096,134096,三角公園,POINT (120.54042 24.078927),2023-07-13T00:00:00,2023-07-14T00:19:15.813
CHA134085,134085,和調里,POINT (120.554684 24.084793),2023-07-13T00:00:00,2023-07-14T00:19:15.767
CHA134092,134092,溪畔,POINT (120.537533 23.901845),2023-07-13T00:00:00,2023-07-14T00:19:15.797
CHA134090,134090,中庄子(彰南路),POINT (120.56678 24.08797),2023-07-13T00:00:00,2023-07-14T00:19:15.857
CHA134082,134082,市子尾,POINT (120.551055 24.084308),2023-07-13T00:00:00,2023-07-14T00:19:15.78
CHA134091,134091,溪畔,POINT (120.53705 23.901738),2023-07-13T00:00:00,2023-07-14T00:19:15.857
CHA134110,134110,香山里,POINT (120.589498 24.082732),2023-07-13T00:00:00,2023-07-14T00:19:15.89
CHA134113,134113,牛埔里,POINT (120.59715 24.08177),2023-07-13T00:00:00,2023-07-14T00:19:15.92
CHA134098,134098,台銀前,POINT (120.542099 24.078344),2023-07-13T00:00:00,2023-07-14T00:19:15.843
CHA134105,134105,鮮乳廠,POINT (120.585584 24.082919),2023-07-13T00:00:00,2023-07-14T00:19:15.89
CHA134104,134104,縣議會,POINT (120.545576 24.078058),2023-07-13T00:00:00,2023-07-14T00:19:15.967
CHA134089,134089,三角公園,POINT (120.540313 24.078852),2023-07-13T00:00:00,2023-07-14T00:19:15.83
CHA134094,134094,山子腳,POINT (120.573211 24.085895),2023-07-13T00:00:00,2023-07-14T00:19:15.857
CHA134125,134125,華陽公園,POINT (120.5572 24.07036),2023-07-13T00:00:00,2023-07-14T00:19:16
CHA134103,134103,大竹,POINT (120.580532 24.085035),2023-07-13T00:00:00,2023-07-14T00:19:15.937
CHA134112,134112,華陽市場,POINT (120.546276 24.075286),2023-07-13T00:00:00,2023-07-14T00:19:15.967
CHA134128,134128,廣鳳宮,POINT (120.59891 24.07141),2023-07-13T00:00:00,2023-07-14T00:19:16.03
CHA134123,134123,保警新村,POINT (120.555541 24.072672),2023-07-13T00:00:00,2023-07-14T00:19:15.983
CHA134121,134121,彰商,POINT (120.552654 24.073196),2023-07-13T00:00:00,2023-07-14T00:19:16.047
CHA134108,134108,華陽市場,POINT (120.546965 24.074877999999998),2023-07-13T00:00:00,2023-07-14T00:19:15.967
CHA134134,134134,南郭國小,POINT (120.547804 24.07096),2023-07-13T00:00:00,2023-07-14T00:19:16.077
CHA134140,134140,彰基醫院(旭光路),POINT (120.544261 24.070985),2023-07-13T00:00:00,2023-07-14T00:19:16.123
CHA134132,134132,建國科大,POINT (120.548446 24.067907),2023-07-13T00:00:00,2023-07-14T00:19:16.063
CHA134102,134102,縣議會,POINT (120.545412 24.078192),2023-07-13T00:00:00,2023-07-14T00:19:15.907
CHA134124,134124,一德南路,POINT (120.601589 24.080234),2023-07-13T00:00:00,2023-07-14T00:19:16.047
CHA134118,134118,彰化中學,POINT (120.548914 24.072878),2023-07-13T00:00:00,2023-07-14T00:19:16.047
CHA134131,134131,太極新村,POINT (120.550013 24.07056),2023-07-13T00:00:00,2023-07-14T00:19:16.123
CHA134147,134147,彰化(三民路1),POINT (120.539406 24.082044),2023-07-13T00:00:00,2023-07-14T00:19:16.17
CHA134168,134168,永靖,POINT (120.547954 23.920191),2023-07-13T00:00:00,2023-07-14T00:19:16.203
CHA134145,134145,市公所,POINT (120.542819 24.081603),2023-07-13T00:00:00,2023-07-14T00:19:16.14
CHA134130,134130,介壽南路(彰化高中),POINT (120.551795 24.070821),2023-07-13T00:00:00,2023-07-14T00:19:16.123
CHA134116,134116,彰化中學,POINT (120.549071 24.073057),2023-07-13T00:00:00,2023-07-14T00:19:16.017
CHA134133,134133,大學前,POINT (120.547964 24.068678),2023-07-13T00:00:00,2023-07-14T00:19:16.14
CHA134144,134144,彰化女中,POINT (120.54433 24.08087),2023-07-13T00:00:00,2023-07-14T00:19:16.233
CHA134142,134142,文化中心,POINT (120.545002 24.078829),2023-07-13T00:00:00,2023-07-14T00:19:16.203
CHA134194,134194,中央里,POINT (120.561146 23.94221),2023-07-13T00:00:00,2023-07-14T00:19:16.267
CHA134174,134174,中央里,POINT (120.56154 23.94323),2023-07-13T00:00:00,2023-07-14T00:19:16.233
CHA134192,134192,員生醫院,POINT (120.566508 23.959318),2023-07-13T00:00:00,2023-07-14T00:19:16.25
CHA134129,134129,東南門,POINT (120.555334 24.065906),2023-07-13T00:00:00,2023-07-14T00:19:16.077
CHA134146,134146,民生國小,POINT (120.542184 24.084587),2023-07-13T00:00:00,2023-07-14T00:19:16.233
CHA134126,134126,台鳳社區,POINT (120.598232 24.073291),2023-07-13T00:00:00,2023-07-14T00:19:16.047
CHA135704,135704,彰化銀行,POINT (120.540348 24.079828),2023-07-13T00:00:00,2023-07-14T00:19:16.343
CHA134171,134171,高鐵彰化站,POINT (120.57527 23.87476),2023-07-13T00:00:00,2023-07-14T00:19:16.313
CHA134170,134170,太平,POINT (120.55768 23.9371),2023-07-13T00:00:00,2023-07-14T00:19:16.267
CHA134198,134198,田尾,POINT (120.532301 23.89391),2023-07-13T00:00:00,2023-07-14T00:19:16.313
CHA134175,134175,員林轉運站,POINT (120.569367 23.962357),2023-07-13T00:00:00,2023-07-14T00:19:16.297
CHA134141,134141,彰化縣政府,POINT (120.54409 24.075736),2023-07-13T00:00:00,2023-07-14T00:19:16.17
CHA134200,134200,田尾國小,POINT (120.52921 23.89159),2023-07-13T00:00:00,2023-07-14T00:19:16.327
CHA134137,134137,彰化(三民路),POINT (120.53913 24.08206),2023-07-13T00:00:00,2023-07-14T00:19:16.14
CHA135712,135712,衛生局,POINT (120.541177 24.069201),2023-07-13T00:00:00,2023-07-14T00:19:16.42
CHA134197,134197,田尾,POINT (120.531854 23.89383),2023-07-13T00:00:00,2023-07-14T00:19:16.39
CHA134196,134196,五汴頭,POINT (120.553535 23.929961),2023-07-13T00:00:00,2023-07-14T00:19:16.343
CHA135708,135708,孔子廟,POINT (120.54379 24.07845),2023-07-13T00:00:00,2023-07-14T00:19:16.39
CHA134199,134199,田尾國小,POINT (120.52908 23.89192),2023-07-13T00:00:00,2023-07-14T00:19:16.39
CHA135707,135707,交通隊,POINT (120.54415 24.07728),2023-07-13T00:00:00,2023-07-14T00:19:16.467
CHA135716,135716,秀傳醫院,POINT (120.537349 24.065223),2023-07-13T00:00:00,2023-07-14T00:19:16.453
CHA134167,134167,永靖,POINT (120.54788 23.920321),2023-07-13T00:00:00,2023-07-14T00:19:16.233
CHA135720,135720,南興國小,POINT (120.53398 24.05756),2023-07-13T00:00:00,2023-07-14T00:19:16.547
CHA135706,135706,台銀前,POINT (120.54198 24.07846),2023-07-13T00:00:00,2023-07-14T00:19:16.42
CHA134169,134169,太平,POINT (120.557832 23.937461),2023-07-13T00:00:00,2023-07-14T00:19:16.267
CHA135710,135710,彰基醫院,POINT (120.54264 24.071487),2023-07-13T00:00:00,2023-07-14T00:19:16.407
CHA135709,135709,彰化縣政府,POINT (120.54397 24.07601),2023-07-13T00:00:00,2023-07-14T00:19:16.453
CHA135715,135715,南瑤宮,POINT (120.539125 24.067314),2023-07-13T00:00:00,2023-07-14T00:19:16.563
CHA134193,134193,員生醫院,POINT (120.566792 23.959298),2023-07-13T00:00:00,2023-07-14T00:19:16.313
CHA135724,135724,湳尾,POINT (120.5334 24.05186),2023-07-13T00:00:00,2023-07-14T00:19:16.53
CHA135728,135728,口庄,POINT (120.53483 24.04035),2023-07-13T00:00:00,2023-07-14T00:19:16.64
CHA135714,135714,南瑤宮,POINT (120.538918 24.067348),2023-07-13T00:00:00,2023-07-14T00:19:16.5
CHA134195,134195,五汴頭,POINT (120.5533 23.92983),2023-07-13T00:00:00,2023-07-14T00:19:16.343
CHA135718,135718,南興里,POINT (120.53533 24.06153),2023-07-13T00:00:00,2023-07-14T00:19:16.483
CHA135717,135717,秀傳醫院,POINT (120.537523 24.065551),2023-07-13T00:00:00,2023-07-14T00:19:16.53
CHA135723,135723,鑽石城,POINT (120.53389 24.05477),2023-07-13T00:00:00,2023-07-14T00:19:16.657
CHA135722,135722,鑽石城,POINT (120.53358 24.05471),2023-07-13T00:00:00,2023-07-14T00:19:16.623
CHA135732,135732,南口庄,POINT (120.53652 24.03402),2023-07-13T00:00:00,2023-07-14T00:19:16.657
CHA135736,135736,花壇,POINT (120.53901 24.02627),2023-07-13T00:00:00,2023-07-14T00:19:16.717
CHA135705,135705,彰化銀行,POINT (120.540453 24.080005),2023-07-13T00:00:00,2023-07-14T00:19:16.42
CHA135726,135726,頂口庄,POINT (120.53376 24.04436),2023-07-13T00:00:00,2023-07-14T00:19:16.563
CHA134201,134201,田中火車站,POINT (120.59052 23.85795),2023-07-13T00:00:00,2023-07-14T00:19:16.39
CHA135725,135725,湳尾,POINT (120.53368 24.05197),2023-07-13T00:00:00,2023-07-14T00:19:16.623
CHA135730,135730,監理站,POINT (120.53539 24.03721),2023-07-13T00:00:00,2023-07-14T00:19:16.733
CHA135731,135731,監理站,POINT (120.535619 24.037595),2023-07-13T00:00:00,2023-07-14T00:19:16.717
CHA135740,135740,金墩,POINT (120.54996 24.016155),2023-07-13T00:00:00,2023-07-14T00:19:16.717
CHA135734,135734,花壇公所,POINT (120.53769 24.02997),2023-07-13T00:00:00,2023-07-14T00:19:16.64
CHA135711,135711,彰基醫院,POINT (120.54263 24.07135),2023-07-13T00:00:00,2023-07-14T00:19:16.453
CHA135713,135713,衛生局,POINT (120.541155 24.069155),2023-07-13T00:00:00,2023-07-14T00:19:16.517
CHA135744,135744,新龍,POINT (120.555954 24.004154),2023-07-13T00:00:00,2023-07-14T00:19:16.797
CHA135733,135733,南口庄,POINT (120.5369 24.0339),2023-07-13T00:00:00,2023-07-14T00:19:16.703
CHA135738,135738,橋頭村,POINT (120.54282 24.0227),2023-07-13T00:00:00,2023-07-14T00:19:16.827
CHA135739,135739,橋頭村,POINT (120.54241 24.02337),2023-07-13T00:00:00,2023-07-14T00:19:16.797
CHA135748,135748,大橋村,POINT (120.5594 23.99612),2023-07-13T00:00:00,2023-07-14T00:19:16.797
CHA135742,135742,中庄,POINT (120.55093 24.01349),2023-07-13T00:00:00,2023-07-14T00:19:16.717
CHA135721,135721,南興國小,POINT (120.53416 24.05739),2023-07-13T00:00:00,2023-07-14T00:19:16.593
CHA135719,135719,南興里,POINT (120.53558 24.06142),2023-07-13T00:00:00,2023-07-14T00:19:16.53
CHA135752,135752,蓮花池,POINT (120.562757 23.990861),2023-07-13T00:00:00,2023-07-14T00:19:16.857
CHA135741,135741,金墩,POINT (120.55009 24.01639),2023-07-13T00:00:00,2023-07-14T00:19:16.78
CHA135747,135747,大橋頭,POINT (120.557867 23.999918),2023-07-13T00:00:00,2023-07-14T00:19:16.857
CHA135746,135746,大橋頭,POINT (120.557647 24.000023),2023-07-13T00:00:00,2023-07-14T00:19:16.907
CHA135756,135756,村東國小,POINT (120.58401 23.99143),2023-07-13T00:00:00,2023-07-14T00:19:16.907
CHA135729,135729,口庄,POINT (120.53501 24.04055),2023-07-13T00:00:00,2023-07-14T00:19:16.687
CHA135750,135750,過溝,POINT (120.561641 23.992698),2023-07-13T00:00:00,2023-07-14T00:19:16.78
CHA135727,135727,頂口庄,POINT (120.5338 24.04545),2023-07-13T00:00:00,2023-07-14T00:19:16.64
CHA136388,136388,富農,POINT (120.551983 23.886628),2023-07-13T00:00:00,2023-07-14T00:19:16.937
CHA135755,135755,頂犁頭厝,POINT (120.58235 23.99386),2023-07-13T00:00:00,2023-07-14T00:19:16.937
CHA135754,135754,頂犁頭厝,POINT (120.58234 23.9935),2023-07-13T00:00:00,2023-07-14T00:19:16.983
CHA135749,135749,大橋村,POINT (120.559659 23.996254),2023-07-13T00:00:00,2023-07-14T00:19:16.857
CHA135737,135737,花壇,POINT (120.53921 24.026621),2023-07-13T00:00:00,2023-07-14T00:19:16.797
CHA136478,136478,鹿彰,POINT (120.753635197488 23.7459578887005),2023-07-13T00:00:00,2023-07-14T00:19:17
CHA137375,137375,廣興,POINT (120.761889 23.737482),2023-07-13T00:00:00,2023-07-14T00:19:17.017
CHA135758,135758,大葉大學(管院站),POINT (120.595901 24.000172),2023-07-13T00:00:00,2023-07-14T00:19:16.857
CHA135735,135735,花壇公所,POINT (120.538055 24.029988),2023-07-13T00:00:00,2023-07-14T00:19:16.703
CHA136475,136475,鹿彰,POINT (120.753561519428 23.745921082547),2023-07-13T00:00:00,2023-07-14T00:19:17.017
CHA136390,136390,龍潭里,POINT (120.58131 23.86549),2023-07-13T00:00:00,2023-07-14T00:19:17.123
CHA135757,135757,村東國小,POINT (120.58372 23.99179),2023-07-13T00:00:00,2023-07-14T00:19:16.937
CHA135743,135743,中庄,POINT (120.55128 24.01337),2023-07-13T00:00:00,2023-07-14T00:19:16.78
CHA137373,137373,初鄉,POINT (120.735241 23.765271),2023-07-13T00:00:00,2023-07-14T00:19:16.953
CHA135745,135745,新龍,POINT (120.55611 24.00437),2023-07-13T00:00:00,2023-07-14T00:19:16.857
CHA137377,137377,內湖,POINT (120.778196 23.720355),2023-07-13T00:00:00,2023-07-14T00:19:17.233
CHA137378,137378,內湖,POINT (120.77866 23.71998),2023-07-13T00:00:00,2023-07-14T00:19:17.107
CHA137621,137621,北斗環保公園,POINT (120.5452 23.87085),2023-07-13T00:00:00,2023-07-14T00:19:17.217
CHA137590,137590,彰客彰化站,POINT (120.539521 24.081634),2023-07-13T00:00:00,2023-07-14T00:19:17.093
CHA135751,135751,過溝,POINT (120.561612 23.993219),2023-07-13T00:00:00,2023-07-14T00:19:16.873
CHA136726,136726,員客二林站,POINT (120.36983 23.90008),2023-07-13T00:00:00,2023-07-14T00:19:17.063
CHA137629,137629,溪州公園,POINT (120.496347 23.842461),2023-07-13T00:00:00,2023-07-14T00:19:17.327
CHA135753,135753,蓮花池,POINT (120.563879 23.989692),2023-07-13T00:00:00,2023-07-14T00:19:16.937
CHA137619,137619,臺鐵田中站,POINT (120.5906 23.85802),2023-07-13T00:00:00,2023-07-14T00:19:17.047
CHA137623,137623,交流道,POINT (120.500171 23.882477),2023-07-13T00:00:00,2023-07-14T00:19:17.313
CHA137624,137624,明道大學,POINT (120.494737 23.869343),2023-07-13T00:00:00,2023-07-14T00:19:17.217
CHA137625,137625,舊眉村,POINT (120.50667 23.86246),2023-07-13T00:00:00,2023-07-14T00:19:17.233
CHA136387,136387,富農,POINT (120.55197 23.88645),2023-07-13T00:00:00,2023-07-14T00:19:16.937
CHA137591,137591,彰客彰化站,POINT (120.53953 24.08147),2023-07-13T00:00:00,2023-07-14T00:19:17.233
CHA136389,136389,龍潭里,POINT (120.58106 23.86513),2023-07-13T00:00:00,2023-07-14T00:19:17
CHA137631,137631,溪州服務站前,POINT (120.49361 23.85318),2023-07-13T00:00:00,2023-07-14T00:19:17.39
CHA137632,137632,水利前,POINT (120.5007 23.85496),2023-07-13T00:00:00,2023-07-14T00:19:17.297
CHA137637,137637,北斗環保公園,POINT (120.548787 23.8705),2023-07-13T00:00:00,2023-07-14T00:19:17.5
CHA137627,137627,溪州服務站前,POINT (120.493347 23.853258),2023-07-13T00:00:00,2023-07-14T00:19:17.233
CHA137374,137374,初鄉,POINT (120.735159 23.765759),2023-07-13T00:00:00,2023-07-14T00:19:17.03
CHA137626,137626,水利前,POINT (120.50061 23.85509),2023-07-13T00:00:00,2023-07-14T00:19:17.313
CHA137633,137633,舊眉村,POINT (120.50813 23.8632),2023-07-13T00:00:00,2023-07-14T00:19:17.343
CHA137376,137376,廣興,POINT (120.76084 23.73846),2023-07-13T00:00:00,2023-07-14T00:19:17.077
CHA137639,137639,高鐵彰化站,POINT (120.57527 23.87476),2023-07-13T00:00:00,2023-07-14T00:19:17.517
CHA137973,137973,和美(愛惜路),POINT (120.495473 24.107871),2023-07-13T00:00:00,2023-07-14T00:19:17.577
CHA137691,137691,車籠埔斷層保存園區,POINT (120.710749 23.794647),2023-07-13T00:00:00,2023-07-14T00:19:17.39
CHA137635,137635,交流道,POINT (120.501909 23.881466),2023-07-13T00:00:00,2023-07-14T00:19:17.343
CHA137692,137692,車籠埔斷層保存園區,POINT (120.710749 23.794647),2023-07-13T00:00:00,2023-07-14T00:19:17.5
CHA137634,137634,明道大學,POINT (120.494737 23.869343),2023-07-13T00:00:00,2023-07-14T00:19:17.373
CHA137620,137620,十張犁(田中貓村),POINT (120.569097 23.86533),2023-07-13T00:00:00,2023-07-14T00:19:17.123
CHA137622,137622,北斗,POINT (120.523267 23.873095),2023-07-13T00:00:00,2023-07-14T00:19:17.233
CHA137977,137977,大社,POINT (120.565766 23.879829),2023-07-13T00:00:00,2023-07-14T00:19:17.593
CHA138039,138039,溪湖,POINT (120.48055 23.95878),2023-07-13T00:00:00,2023-07-14T00:19:17.517
CHA137800,137800,湳港西,POINT (120.543482 23.911991),2023-07-13T00:00:00,2023-07-14T00:19:17.483
CHA138373,138373,三條國小,POINT (120.495079 23.827632),2023-07-13T00:00:00,2023-07-14T00:19:17.657
CHA138183,138183,合興,POINT (120.457745 23.892138),2023-07-13T00:00:00,2023-07-14T00:19:17.593
CHA137628,137628,明誠宿舍,POINT (120.49424 23.84928),2023-07-13T00:00:00,2023-07-14T00:19:17.453
CHA137773,137773,鹿港乘車處,POINT (120.436227 24.060116),2023-07-13T00:00:00,2023-07-14T00:19:17.5
CHA138543,138543,上舊社,POINT (120.62438 24.02453),2023-07-13T00:00:00,2023-07-14T00:19:17.687
CHA138569,138569,菜公村,POINT (120.498001 23.81531),2023-07-13T00:00:00,2023-07-14T00:19:17.623
CHA138650,138650,旭光高中,POINT (120.695102 23.979358),2023-07-13T00:00:00,2023-07-14T00:19:17.75
CHA138370,138370,三條國小,POINT (120.49497 23.82759),2023-07-13T00:00:00,2023-07-14T00:19:17.593
CHA137630,137630,明誠宿舍,POINT (120.494176 23.849302),2023-07-13T00:00:00,2023-07-14T00:19:17.297
CHA137636,137636,北斗,POINT (120.523397 23.87298),2023-07-13T00:00:00,2023-07-14T00:19:17.577
CHA138570,138570,菜公村,POINT (120.498294 23.815133),2023-07-13T00:00:00,2023-07-14T00:19:17.67
CHA138184,138184,合興,POINT (120.458206 23.892154),2023-07-13T00:00:00,2023-07-14T00:19:17.593
CHA139021,139021,五號仔,POINT (120.49406 23.88076),2023-07-13T00:00:00,2023-07-14T00:19:17.78
CHA139053,139053,彰化火車站,POINT (120.53889 24.08161),2023-07-13T00:00:00,2023-07-14T00:19:17.733
CHA139058,139058,和調里,POINT (120.554171 24.084648),2023-07-13T00:00:00,2023-07-14T00:19:17.843
CHA138572,138572,張厝村(活動中心),POINT (120.51179 23.81525),2023-07-13T00:00:00,2023-07-14T00:19:17.67
CHA137638,137638,十張犁(田中貓村),POINT (120.569437 23.864964),2023-07-13T00:00:00,2023-07-14T00:19:17.373
CHA137970,137970,橋南,POINT (120.47935 24.085),2023-07-13T00:00:00,2023-07-14T00:19:17.657
CHA138571,138571,張厝村(活動中心),POINT (120.51176 23.8152),2023-07-13T00:00:00,2023-07-14T00:19:17.687
CHA139054,139054,車路口,POINT (120.54478 24.08314),2023-07-13T00:00:00,2023-07-14T00:19:17.767
CHA139061,139061,山子腳,POINT (120.573027 24.086137),2023-07-13T00:00:00,2023-07-14T00:19:17.813
CHA139060,139060,中庄子(彰南路),POINT (120.56682 24.08821),2023-07-13T00:00:00,2023-07-14T00:19:17.89
CHA137976,137976,大社,POINT (120.565606 23.880095),2023-07-13T00:00:00,2023-07-14T00:19:17.5
CHA139056,139056,長順街口,POINT (120.549684 24.084207),2023-07-13T00:00:00,2023-07-14T00:19:17.78
CHA139066,139066,臺中國家歌劇院,POINT (120.641507 24.162489),2023-07-13T00:00:00,2023-07-14T00:19:17.953
CHA138372,138372,張厝村(民生路),POINT (120.517508 23.814721),2023-07-13T00:00:00,2023-07-14T00:19:17.733
CHA139055,139055,長順街口,POINT (120.54948 24.08406),2023-07-13T00:00:00,2023-07-14T00:19:17.78
CHA139062,139062,安溪路,POINT (120.57723 24.08556),2023-07-13T00:00:00,2023-07-14T00:19:17.857
CHA139068,139068,老虎城,POINT (120.63946 24.164798),2023-07-13T00:00:00,2023-07-14T00:19:18
CHA139069,139069,老虎城,POINT (120.639645 24.164634),2023-07-13T00:00:00,2023-07-14T00:19:17.937
CHA138541,138541,碧興路口,POINT (120.654142 23.972665),2023-07-13T00:00:00,2023-07-14T00:19:17.577
CHA139064,139064,鮮乳廠,POINT (120.585332 24.083231),2023-07-13T00:00:00,2023-07-14T00:19:17.873
CHA139649,139649,梅芳里(活動中心),POINT (120.436679 23.940574),2023-07-13T00:00:00,2023-07-14T00:19:18.063
CHA138643,138643,溪頭(停車場),POINT (120.796782 23.676304),2023-07-13T00:00:00,2023-07-14T00:19:17.843
CHA139063,139063,大竹,POINT (120.58038 24.0853),2023-07-13T00:00:00,2023-07-14T00:19:17.873
CHA139070,139070,朝馬轉運站(朝富路),POINT (120.638043 24.167245),2023-07-13T00:00:00,2023-07-14T00:19:17.953
CHA140200,140200,天主教堂,POINT (120.689269 23.979464),2023-07-13T00:00:00,2023-07-14T00:19:18.047
CHA139651,139651,喜樂萬合院區,POINT (120.4083 23.91691),2023-07-13T00:00:00,2023-07-14T00:19:18.107
CHA139020,139020,五號仔,POINT (120.494152 23.880991),2023-07-13T00:00:00,2023-07-14T00:19:17.67
CHA139644,139644,彰化縣政府,POINT (120.543881 24.075902),2023-07-13T00:00:00,2023-07-14T00:19:17.983
CHA139057,139057,市子尾,POINT (120.551021 24.084334),2023-07-13T00:00:00,2023-07-14T00:19:17.937
CHA139071,139071,朝馬轉運站(朝富路),POINT (120.638006 24.167338),2023-07-13T00:00:00,2023-07-14T00:19:17.967
CHA140285,140285,彰化女中,POINT (120.544331 24.080871),2023-07-13T00:00:00,2023-07-14T00:19:18.157
CHA140289,140289,二林中科園區,POINT (120.428805 23.933336),2023-07-13T00:00:00,2023-07-14T00:19:18.123
CHA140201,140201,旭光高中,POINT (120.695083 23.979426),2023-07-13T00:00:00,2023-07-14T00:19:18.063
CHA139059,139059,彰化縣原住民生活館,POINT (120.55975 24.08653),2023-07-13T00:00:00,2023-07-14T00:19:17.797
CHA140283,140283,湳港西,POINT (120.543209 23.912123),2023-07-13T00:00:00,2023-07-14T00:19:18.077
CHA140288,140288,梅芳里(活動中心),POINT (120.436935 23.940519),2023-07-13T00:00:00,2023-07-14T00:19:18.217
CHA139065,139065,香山里,POINT (120.59071 24.08301),2023-07-13T00:00:00,2023-07-14T00:19:18.047
CHA140202,140202,南開科技大學校區,POINT (120.697017 23.979468),2023-07-13T00:00:00,2023-07-14T00:19:18.063
CHA141134,141134,八卦山脈生態遊客中心,POINT (120.555583 24.078875),2023-07-13T00:00:00,2023-07-14T00:19:18.217
CHA141131,141131,縣議會,POINT (120.545327 24.078076),2023-07-13T00:00:00,2023-07-14T00:19:18.267
CHA139067,139067,臺中國家歌劇院,POINT (120.64114 24.1622),2023-07-13T00:00:00,2023-07-14T00:19:17.92
CHA140290,140290,喜樂萬合院區,POINT (120.40818 23.91678),2023-07-13T00:00:00,2023-07-14T00:19:18.157
CHA141133,141133,千禧廣場,POINT (120.551117 24.078706),2023-07-13T00:00:00,2023-07-14T00:19:18.327
CHA141090,141090,挖仔(泰興宮),POINT (120.439044 23.950693),2023-07-13T00:00:00,2023-07-14T00:19:18.17
CHA141086,141086,挖仔(泰興宮),POINT (120.439116 23.950905),2023-07-13T00:00:00,2023-07-14T00:19:18.157
CHA139647,139647,員客溪湖站,POINT (120.480377 23.958707),2023-07-13T00:00:00,2023-07-14T00:19:18.14
CHA141729,141729,彰化,POINT (120.53938 24.08162),2023-07-13T00:00:00,2023-07-14T00:19:18.327
CHA141139,141139,三角公園,POINT (120.540254 24.078977),2023-07-13T00:00:00,2023-07-14T00:19:18.36
CHA139650,139650,二林中科園區,POINT (120.428644 23.933296),2023-07-13T00:00:00,2023-07-14T00:19:18.047
CHA141446,141446,路口厝,POINT (120.45773 23.84734),2023-07-13T00:00:00,2023-07-14T00:19:18.407
CHA141137,141137,成功營區,POINT (120.553794 24.074783),2023-07-13T00:00:00,2023-07-14T00:19:18.267
CHA141136,141136,國立彰化生活美學館,POINT (120.557977 24.076513),2023-07-13T00:00:00,2023-07-14T00:19:18.28
CHA141135,141135,C119軍機公園,POINT (120.558613 24.078407),2023-07-13T00:00:00,2023-07-14T00:19:18.267
CHA141739,141739,石牌坑,POINT (120.61813 24.05964),2023-07-13T00:00:00,2023-07-14T00:19:18.42
CHA140284,140284,新民國小,POINT (120.585297 23.855553),2023-07-13T00:00:00,2023-07-14T00:19:18.233
CHA141734,141734,快官國小,POINT (120.61297 24.06916),2023-07-13T00:00:00,2023-07-14T00:19:18.437
CHA140286,140286,彰化縣政府,POINT (120.54404 24.07573),2023-07-13T00:00:00,2023-07-14T00:19:18.123
CHA141732,141732,小墾丁,POINT (120.60752 24.07627),2023-07-13T00:00:00,2023-07-14T00:19:18.36
CHA141736,141736,上快官,POINT (120.61764 24.06242),2023-07-13T00:00:00,2023-07-14T00:19:18.467
CHA141731,141731,田中路,POINT (120.6034 24.0809),2023-07-13T00:00:00,2023-07-14T00:19:18.373
CHA141730,141730,市子尾,POINT (120.55101 24.08424),2023-07-13T00:00:00,2023-07-14T00:19:18.36
CHA141130,141130,三角公園,POINT (120.540526 24.079001),2023-07-13T00:00:00,2023-07-14T00:19:18.327
CHA141744,141744,北勢頭,POINT (120.62372 24.0289),2023-07-13T00:00:00,2023-07-14T00:19:18.517
CHA141747,141747,竹林,POINT (120.62531 24.02115),2023-07-13T00:00:00,2023-07-14T00:19:18.517
CHA141132,141132,八卦山天空步道,POINT (120.549827 24.078318),2023-07-13T00:00:00,2023-07-14T00:19:18.217
CHA141742,141742,溪尾寮路,POINT (120.62116 24.05032),2023-07-13T00:00:00,2023-07-14T00:19:18.437
CHA141746,141746,上舊社,POINT (120.62406 24.02448),2023-07-13T00:00:00,2023-07-14T00:19:18.547
CHA141741,141741,福田里,POINT (120.61958 24.05483),2023-07-13T00:00:00,2023-07-14T00:19:18.453
CHA141740,141740,石牌坑,POINT (120.61833 24.05986),2023-07-13T00:00:00,2023-07-14T00:19:18.437
CHA141138,141138,縣議會,POINT (120.545696 24.077489),2023-07-13T00:00:00,2023-07-14T00:19:18.42
CHA141752,141752,芬園,POINT (120.62851 24.00706),2023-07-13T00:00:00,2023-07-14T00:19:18.593
CHA141755,141755,猴坑口,POINT (120.63121 23.99806),2023-07-13T00:00:00,2023-07-14T00:19:18.607
CHA141418,141418,彰化師大寶山校區,POINT (120.557721 24.065227),2023-07-13T00:00:00,2023-07-14T00:19:18.313
CHA141754,141754,下山腳,POINT (120.63051 24.00055),2023-07-13T00:00:00,2023-07-14T00:19:18.623
CHA141750,141750,電信局,POINT (120.62828 24.00993),2023-07-13T00:00:00,2023-07-14T00:19:18.517
CHA141749,141749,社口,POINT (120.62842 24.01433),2023-07-13T00:00:00,2023-07-14T00:19:18.593
CHA141748,141748,芬園農會,POINT (120.62748 24.01794),2023-07-13T00:00:00,2023-07-14T00:19:18.593
CHA141733,141733,下快官,POINT (120.6102871 24.0726847),2023-07-13T00:00:00,2023-07-14T00:19:18.517
CHA141760,141760,謝厝,POINT (120.63549 23.99097),2023-07-13T00:00:00,2023-07-14T00:19:18.67
CHA141735,141735,快官,POINT (120.61424 24.06709),2023-07-13T00:00:00,2023-07-14T00:19:18.39
CHA141762,141762,派出所前,POINT (120.63771 23.98803),2023-07-13T00:00:00,2023-07-14T00:19:18.717
CHA141758,141758,縣庄,POINT (120.63497 23.99244),2023-07-13T00:00:00,2023-07-14T00:19:18.577
CHA141763,141763,寶山國小,POINT (120.6406 23.98602),2023-07-13T00:00:00,2023-07-14T00:19:18.687
CHA141757,141757,縣安路口,POINT (120.63375 23.99448),2023-07-13T00:00:00,2023-07-14T00:19:18.67
CHA141756,141756,縣安路口,POINT (120.63388 23.9941),2023-07-13T00:00:00,2023-07-14T00:19:18.687
CHA141768,141768,碧興路口,POINT (120.6541 23.9726),2023-07-13T00:00:00,2023-07-14T00:19:18.733
CHA141743,141743,觀光果園,POINT (120.62269 24.03885),2023-07-13T00:00:00,2023-07-14T00:19:18.607
CHA141745,141745,舊社,POINT (120.62425 24.02636),2023-07-13T00:00:00,2023-07-14T00:19:18.483
CHA141766,141766,碧山,POINT (120.64463 23.97084),2023-07-13T00:00:00,2023-07-14T00:19:18.657
CHA141770,141770,南北投埔,POINT (120.6568 23.97339),2023-07-13T00:00:00,2023-07-14T00:19:18.813
CHA141801,141801,溝皂里,POINT (120.56523 23.94911),2023-07-13T00:00:00,2023-07-14T00:19:18.767
CHA141765,141765,靈安宮,POINT (120.64478 23.97317),2023-07-13T00:00:00,2023-07-14T00:19:18.75
CHA141764,141764,寶山國小,POINT (120.64069 23.98621),2023-07-13T00:00:00,2023-07-14T00:19:18.767
CHA141753,141753,寶藏寺,POINT (120.62975 24.00311),2023-07-13T00:00:00,2023-07-14T00:19:18.563
CHA141806,141806,碧山南路,POINT (120.67644 23.97804),2023-07-13T00:00:00,2023-07-14T00:19:18.813
CHA141804,141804,復興里,POINT (120.6677 23.97609),2023-07-13T00:00:00,2023-07-14T00:19:18.733
CHA141808,141808,草屯,POINT (120.68371 23.97623),2023-07-13T00:00:00,2023-07-14T00:19:18.89
CHA141751,141751,芬園,POINT (120.62833 24.0068),2023-07-13T00:00:00,2023-07-14T00:19:18.703
CHA141809,141809,炎峰國小,POINT (120.68453 23.97406),2023-07-13T00:00:00,2023-07-14T00:19:18.857
CHA141803,141803,北投埔,POINT (120.66462 23.97531),2023-07-13T00:00:00,2023-07-14T00:19:18.843
CHA141802,141802,碧峰,POINT (120.66089 23.9744),2023-07-13T00:00:00,2023-07-14T00:19:18.827
CHA142419,142419,二林工商,POINT (120.376171 23.899537),2023-07-13T00:00:00,2023-07-14T00:19:18.89
CHA141845,141845,福安宮,POINT (120.403466 23.914498),2023-07-13T00:00:00,2023-07-14T00:19:18.813
CHA141761,141761,派出所前,POINT (120.63769 23.98807),2023-07-13T00:00:00,2023-07-14T00:19:18.64
CHA141759,141759,謝厝,POINT (120.63536 23.99082),2023-07-13T00:00:00,2023-07-14T00:19:18.78
CHA142421,142421,二林中科園區,POINT (120.428644 23.933296),2023-07-13T00:00:00,2023-07-14T00:19:18.953
CHA142422,142422,二林中科園區,POINT (120.428805 23.933336),2023-07-13T00:00:00,2023-07-14T00:19:18.92
CHA141816,141816,新厝子,POINT (120.62193 24.0455),2023-07-13T00:00:00,2023-07-14T00:19:18.92
CHA141812,141812,彰化師大進德校區,POINT (120.558549 24.082851),2023-07-13T00:00:00,2023-07-14T00:19:18.907
CHA142427,142427,西門,POINT (120.475805 23.959471),2023-07-13T00:00:00,2023-07-14T00:19:18.967
CHA141769,141769,碧興路口,POINT (120.65403 23.9728),2023-07-13T00:00:00,2023-07-14T00:19:18.733
CHA141767,141767,月眉厝,POINT (120.6501 23.97088),2023-07-13T00:00:00,2023-07-14T00:19:18.843
CHA142425,142425,瓦窯厝,POINT (120.55864 23.95563),2023-07-13T00:00:00,2023-07-14T00:19:18.907
CHA142430,142430,巫厝,POINT (120.50247 23.953585),2023-07-13T00:00:00,2023-07-14T00:19:19
CHA142429,142429,巫厝,POINT (120.50182 23.95368),2023-07-13T00:00:00,2023-07-14T00:19:19.047
CHA142424,142424,正成,POINT (120.55449 23.95365),2023-07-13T00:00:00,2023-07-14T00:19:19
CHA142423,142423,正成,POINT (120.5542 23.95372),2023-07-13T00:00:00,2023-07-14T00:19:18.967
CHA142435,142435,後溪,POINT (120.49339 23.95406),2023-07-13T00:00:00,2023-07-14T00:19:19.047
CHA141807,141807,農會前,POINT (120.68179 23.97796),2023-07-13T00:00:00,2023-07-14T00:19:18.813
CHA141805,141805,加油站,POINT (120.67171 23.97705),2023-07-13T00:00:00,2023-07-14T00:19:18.92
CHA142438,142438,柳橋,POINT (120.54951 23.95247),2023-07-13T00:00:00,2023-07-14T00:19:19.077
CHA142433,142433,芭蕉腳,POINT (120.51562 23.95099),2023-07-13T00:00:00,2023-07-14T00:19:18.983
CHA142437,142437,柳橋,POINT (120.54951 23.95247),2023-07-13T00:00:00,2023-07-14T00:19:19.107
CHA142432,142432,果菜市場,POINT (120.48521 23.9567),2023-07-13T00:00:00,2023-07-14T00:19:19.077
CHA142431,142431,果菜市場,POINT (120.48524 23.95673),2023-07-13T00:00:00,2023-07-14T00:19:19.047
CHA142420,142420,二林工商,POINT (120.37617 23.899537),2023-07-13T00:00:00,2023-07-14T00:19:18.89
CHA142447,142447,埔心,POINT (120.5439 23.95286),2023-07-13T00:00:00,2023-07-14T00:19:19.187
CHA141846,141846,福安宮,POINT (120.403557 23.914356),2023-07-13T00:00:00,2023-07-14T00:19:19
CHA142441,142441,員林橋,POINT (120.56342 23.9573),2023-07-13T00:00:00,2023-07-14T00:19:19.063
CHA142443,142443,員客二林站,POINT (120.369831 23.900081),2023-07-13T00:00:00,2023-07-14T00:19:19.107
CHA142440,142440,員林橋,POINT (120.56366 23.9575),2023-07-13T00:00:00,2023-07-14T00:19:19.157
CHA142448,142448,許厝,POINT (120.53192 23.94998),2023-07-13T00:00:00,2023-07-14T00:19:19.157
CHA142439,142439,員林站,POINT (120.57068 23.96144),2023-07-13T00:00:00,2023-07-14T00:19:19.107
CHA142428,142428,西門,POINT (120.475805 23.959471),2023-07-13T00:00:00,2023-07-14T00:19:18.967
CHA142452,142452,義民,POINT (120.540131 23.952612),2023-07-13T00:00:00,2023-07-14T00:19:19.123
CHA142451,142451,義民,POINT (120.53999 23.95264),2023-07-13T00:00:00,2023-07-14T00:19:19.233
CHA142426,142426,瓦窯厝,POINT (120.55862 23.95543),2023-07-13T00:00:00,2023-07-14T00:19:19.077
CHA142454,142454,彰化醫院,POINT (120.52691 23.94882),2023-07-13T00:00:00,2023-07-14T00:19:19.17
CHA142456,142456,舊館,POINT (120.51994 23.94966),2023-07-13T00:00:00,2023-07-14T00:19:19.25
CHA142725,142725,牛埔里,POINT (120.600378 24.081362),2023-07-13T00:00:00,2023-07-14T00:19:19.217
CHA142449,142449,許厝,POINT (120.53191 23.94965),2023-07-13T00:00:00,2023-07-14T00:19:19.17
CHA32075,32075,長順街口,POINT (120.54967 24.08426),2023-07-13T00:00:00,2023-07-14T00:19:19.217
CHA142436,142436,後溪,POINT (120.49322 23.95417),2023-07-13T00:00:00,2023-07-14T00:19:19.063
CHA31733,31733,長順街口,POINT (120.54948 24.08406),2023-07-13T00:00:00,2023-07-14T00:19:19.313
CHA42722,42722,草屯,POINT (120.683784 23.976107),2023-07-13T00:00:00,2023-07-14T00:19:19.25
CHA142434,142434,芭蕉腳,POINT (120.51562 23.95099),2023-07-13T00:00:00,2023-07-14T00:19:19.157
CHA21714,21714,車路口,POINT (120.54492 24.08307),2023-07-13T00:00:00,2023-07-14T00:19:19.25
CHA142446,142446,埔心,POINT (120.54393 23.95282),2023-07-13T00:00:00,2023-07-14T00:19:19.14
CHA142442,142442,員林轉運站,POINT (120.56937 23.96236),2023-07-13T00:00:00,2023-07-14T00:19:19.217
CHA142455,142455,舊館,POINT (120.51979 23.94986),2023-07-13T00:00:00,2023-07-14T00:19:19.203
CHA142453,142453,彰化醫院,POINT (120.527 23.9495),2023-07-13T00:00:00,2023-07-14T00:19:19.297
CHA34670,34670,和調里,POINT (120.5541264 24.0846664),2023-07-13T00:00:00,2023-07-14T00:19:19.373
